"stateCode","programCode","year"
"AL","ARP","1995"
"FL","ARP","1995"
"GA","ARP","1995"
"IL","ARP","1995"
"IN","ARP","1995"
"IA","ARP","1995"
"KS","ARP","1995"
"KY","ARP","1995"
"MD","ARP","1995"
"MA","ARP","1995"
"MI","ARP","1995"
"MN","ARP","1995"
"MS","ARP","1995"
"MO","ARP","1995"
"NH","ARP","1995"
"NJ","ARP","1995"
"NY","ARP","1995"
"OH","ARP","1995"
"PA","ARP","1995"
"TN","ARP","1995"
"UT","ARP","1995"
"WV","ARP","1995"
"WI","ARP","1995"
"WY","ARP","1995"
"AL","ARP","1996"
"FL","ARP","1996"
"GA","ARP","1996"
"IL","ARP","1996"
"IN","ARP","1996"
"IA","ARP","1996"
"KS","ARP","1996"
"KY","ARP","1996"
"MD","ARP","1996"
"MA","ARP","1996"
"MI","ARP","1996"
"MN","ARP","1996"
"MS","ARP","1996"
"MO","ARP","1996"
"NH","ARP","1996"
"NJ","ARP","1996"
"NY","ARP","1996"
"OH","ARP","1996"
"PA","ARP","1996"
"TN","ARP","1996"
"WV","ARP","1996"
"WI","ARP","1996"
"WY","ARP","1996"
"AL","ARP","1997"
"FL","ARP","1997"
"GA","ARP","1997"
"IL","ARP","1997"
"IN","ARP","1997"
"IA","ARP","1997"
"KS","ARP","1997"
"KY","ARP","1997"
"MD","ARP","1997"
"MA","ARP","1997"
"MI","ARP","1997"
"MN","ARP","1997"
"MS","ARP","1997"
"MO","ARP","1997"
"NH","ARP","1997"
"NJ","ARP","1997"
"NY","ARP","1997"
"OH","ARP","1997"
"PA","ARP","1997"
"TN","ARP","1997"
"WV","ARP","1997"
"WI","ARP","1997"
"AL","ARP","1998"
"FL","ARP","1998"
"GA","ARP","1998"
"IL","ARP","1998"
"IN","ARP","1998"
"IA","ARP","1998"
"KS","ARP","1998"
"KY","ARP","1998"
"MD","ARP","1998"
"MA","ARP","1998"
"MI","ARP","1998"
"MN","ARP","1998"
"MS","ARP","1998"
"MO","ARP","1998"
"NH","ARP","1998"
"NJ","ARP","1998"
"NY","ARP","1998"
"OH","ARP","1998"
"PA","ARP","1998"
"TN","ARP","1998"
"WV","ARP","1998"
"WI","ARP","1998"
"AL","ARP","1999"
"FL","ARP","1999"
"GA","ARP","1999"
"IL","ARP","1999"
"IN","ARP","1999"
"IA","ARP","1999"
"KS","ARP","1999"
"KY","ARP","1999"
"MD","ARP","1999"
"MA","ARP","1999"
"MI","ARP","1999"
"MN","ARP","1999"
"MS","ARP","1999"
"MO","ARP","1999"
"NH","ARP","1999"
"NJ","ARP","1999"
"NY","ARP","1999"
"OH","ARP","1999"
"PA","ARP","1999"
"TN","ARP","1999"
"WV","ARP","1999"
"WI","ARP","1999"
"CT","OTC","1999"
"DE","OTC","1999"
"MD","OTC","1999"
"MA","OTC","1999"
"NH","OTC","1999"
"NJ","OTC","1999"
"NY","OTC","1999"
"PA","OTC","1999"
"RI","OTC","1999"
"AL","ARP","2000"
"LA","ARP","2000"
"KY","ARP","2000"
"NE","ARP","2000"
"NM","ARP","2000"
"KS","ARP","2000"
"AZ","ARP","2000"
"TX","ARP","2000"
"SC","ARP","2000"
"FL","ARP","2000"
"OK","ARP","2000"
"AR","ARP","2000"
"CA","ARP","2000"
"IL","ARP","2000"
"CO","ARP","2000"
"CT","ARP","2000"
"VT","ARP","2000"
"DE","ARP","2000"
"MD","ARP","2000"
"DC","ARP","2000"
"GA","ARP","2000"
"IN","ARP","2000"
"IA","ARP","2000"
"ME","ARP","2000"
"MA","ARP","2000"
"MI","ARP","2000"
"MN","ARP","2000"
"MS","ARP","2000"
"MO","ARP","2000"
"MT","ARP","2000"
"NV","ARP","2000"
"NH","ARP","2000"
"NJ","ARP","2000"
"NY","ARP","2000"
"NC","ARP","2000"
"ND","ARP","2000"
"OH","ARP","2000"
"PA","ARP","2000"
"RI","ARP","2000"
"SD","ARP","2000"
"TN","ARP","2000"
"UT","ARP","2000"
"VA","ARP","2000"
"WA","ARP","2000"
"WV","ARP","2000"
"WI","ARP","2000"
"WY","ARP","2000"
"OR","ARP","2000"
"ID","ARP","2000"
"CT","OTC","2000"
"DE","OTC","2000"
"MD","OTC","2000"
"MA","OTC","2000"
"NH","OTC","2000"
"NJ","OTC","2000"
"NY","OTC","2000"
"PA","OTC","2000"
"RI","OTC","2000"
"AL","ARP","2001"
"LA","ARP","2001"
"KY","ARP","2001"
"NE","ARP","2001"
"NM","ARP","2001"
"KS","ARP","2001"
"AZ","ARP","2001"
"TX","ARP","2001"
"SC","ARP","2001"
"FL","ARP","2001"
"OK","ARP","2001"
"AR","ARP","2001"
"CA","ARP","2001"
"IL","ARP","2001"
"CO","ARP","2001"
"CT","ARP","2001"
"VT","ARP","2001"
"DE","ARP","2001"
"MD","ARP","2001"
"DC","ARP","2001"
"WA","ARP","2001"
"GA","ARP","2001"
"IN","ARP","2001"
"IA","ARP","2001"
"ME","ARP","2001"
"MA","ARP","2001"
"MI","ARP","2001"
"MN","ARP","2001"
"MS","ARP","2001"
"MO","ARP","2001"
"MT","ARP","2001"
"NV","ARP","2001"
"NH","ARP","2001"
"NJ","ARP","2001"
"NY","ARP","2001"
"NC","ARP","2001"
"ND","ARP","2001"
"OH","ARP","2001"
"PA","ARP","2001"
"RI","ARP","2001"
"SD","ARP","2001"
"TN","ARP","2001"
"UT","ARP","2001"
"VA","ARP","2001"
"WV","ARP","2001"
"WI","ARP","2001"
"WY","ARP","2001"
"OR","ARP","2001"
"ID","ARP","2001"
"CT","OTC","2001"
"DE","OTC","2001"
"DC","OTC","2001"
"MD","OTC","2001"
"MA","OTC","2001"
"NH","OTC","2001"
"NJ","OTC","2001"
"NY","OTC","2001"
"PA","OTC","2001"
"RI","OTC","2001"
"AL","ARP","2002"
"LA","ARP","2002"
"KY","ARP","2002"
"NE","ARP","2002"
"NM","ARP","2002"
"KS","ARP","2002"
"AZ","ARP","2002"
"TX","ARP","2002"
"SC","ARP","2002"
"FL","ARP","2002"
"OK","ARP","2002"
"AR","ARP","2002"
"CA","ARP","2002"
"IL","ARP","2002"
"CO","ARP","2002"
"CT","ARP","2002"
"VT","ARP","2002"
"DE","ARP","2002"
"MD","ARP","2002"
"DC","ARP","2002"
"WA","ARP","2002"
"GA","ARP","2002"
"IN","ARP","2002"
"IA","ARP","2002"
"ME","ARP","2002"
"MA","ARP","2002"
"MI","ARP","2002"
"MN","ARP","2002"
"MS","ARP","2002"
"MO","ARP","2002"
"MT","ARP","2002"
"NV","ARP","2002"
"NH","ARP","2002"
"NJ","ARP","2002"
"NY","ARP","2002"
"NC","ARP","2002"
"ND","ARP","2002"
"OH","ARP","2002"
"PA","ARP","2002"
"RI","ARP","2002"
"SD","ARP","2002"
"TN","ARP","2002"
"UT","ARP","2002"
"VA","ARP","2002"
"WV","ARP","2002"
"WI","ARP","2002"
"WY","ARP","2002"
"OR","ARP","2002"
"ID","ARP","2002"
"CT","OTC","2002"
"DE","OTC","2002"
"MD","OTC","2002"
"DC","OTC","2002"
"MA","OTC","2002"
"NH","OTC","2002"
"NJ","OTC","2002"
"NY","OTC","2002"
"PA","OTC","2002"
"RI","OTC","2002"
"AL","ARP","2003"
"LA","ARP","2003"
"KY","ARP","2003"
"NE","ARP","2003"
"NM","ARP","2003"
"KS","ARP","2003"
"AZ","ARP","2003"
"TX","ARP","2003"
"SC","ARP","2003"
"FL","ARP","2003"
"OK","ARP","2003"
"AR","ARP","2003"
"CA","ARP","2003"
"IL","ARP","2003"
"CO","ARP","2003"
"CT","ARP","2003"
"VT","ARP","2003"
"DE","ARP","2003"
"MD","ARP","2003"
"DC","ARP","2003"
"WA","ARP","2003"
"GA","ARP","2003"
"IN","ARP","2003"
"IA","ARP","2003"
"ME","ARP","2003"
"MA","ARP","2003"
"MI","ARP","2003"
"MN","ARP","2003"
"MS","ARP","2003"
"MO","ARP","2003"
"MT","ARP","2003"
"NV","ARP","2003"
"NH","ARP","2003"
"NJ","ARP","2003"
"NY","ARP","2003"
"NC","ARP","2003"
"ND","ARP","2003"
"OH","ARP","2003"
"PA","ARP","2003"
"RI","ARP","2003"
"SD","ARP","2003"
"TN","ARP","2003"
"UT","ARP","2003"
"VA","ARP","2003"
"WV","ARP","2003"
"WI","ARP","2003"
"WY","ARP","2003"
"OR","ARP","2003"
"ID","ARP","2003"
"CT","NBP","2003"
"DE","NBP","2003"
"MD","NBP","2003"
"DC","NBP","2003"
"MA","NBP","2003"
"NJ","NBP","2003"
"NY","NBP","2003"
"PA","NBP","2003"
"RI","NBP","2003"
"AL","ARP","2004"
"LA","ARP","2004"
"KY","ARP","2004"
"NE","ARP","2004"
"NM","ARP","2004"
"KS","ARP","2004"
"AZ","ARP","2004"
"TX","ARP","2004"
"SC","ARP","2004"
"FL","ARP","2004"
"OK","ARP","2004"
"AR","ARP","2004"
"CA","ARP","2004"
"IL","ARP","2004"
"CO","ARP","2004"
"CT","ARP","2004"
"VT","ARP","2004"
"DE","ARP","2004"
"MD","ARP","2004"
"DC","ARP","2004"
"WA","ARP","2004"
"GA","ARP","2004"
"IN","ARP","2004"
"IA","ARP","2004"
"ME","ARP","2004"
"MA","ARP","2004"
"MI","ARP","2004"
"MN","ARP","2004"
"MS","ARP","2004"
"MO","ARP","2004"
"MT","ARP","2004"
"NV","ARP","2004"
"NH","ARP","2004"
"NJ","ARP","2004"
"NY","ARP","2004"
"NC","ARP","2004"
"ND","ARP","2004"
"OH","ARP","2004"
"PA","ARP","2004"
"RI","ARP","2004"
"SD","ARP","2004"
"TN","ARP","2004"
"UT","ARP","2004"
"VA","ARP","2004"
"WV","ARP","2004"
"WI","ARP","2004"
"WY","ARP","2004"
"OR","ARP","2004"
"ID","ARP","2004"
"AL","NBP","2004"
"KY","NBP","2004"
"SC","NBP","2004"
"IL","NBP","2004"
"CT","NBP","2004"
"DE","NBP","2004"
"MD","NBP","2004"
"DC","NBP","2004"
"IN","NBP","2004"
"NC","NBP","2004"
"MA","NBP","2004"
"MI","NBP","2004"
"NJ","NBP","2004"
"NY","NBP","2004"
"OH","NBP","2004"
"PA","NBP","2004"
"RI","NBP","2004"
"TN","NBP","2004"
"VA","NBP","2004"
"WV","NBP","2004"
"AL","ARP","2005"
"LA","ARP","2005"
"KY","ARP","2005"
"NE","ARP","2005"
"NM","ARP","2005"
"KS","ARP","2005"
"AZ","ARP","2005"
"TX","ARP","2005"
"SC","ARP","2005"
"FL","ARP","2005"
"OK","ARP","2005"
"AR","ARP","2005"
"CA","ARP","2005"
"IL","ARP","2005"
"CO","ARP","2005"
"CT","ARP","2005"
"VT","ARP","2005"
"DE","ARP","2005"
"MD","ARP","2005"
"DC","ARP","2005"
"WA","ARP","2005"
"GA","ARP","2005"
"IN","ARP","2005"
"IA","ARP","2005"
"ME","ARP","2005"
"MA","ARP","2005"
"MI","ARP","2005"
"MN","ARP","2005"
"MS","ARP","2005"
"MO","ARP","2005"
"MT","ARP","2005"
"NV","ARP","2005"
"NH","ARP","2005"
"NJ","ARP","2005"
"NY","ARP","2005"
"NC","ARP","2005"
"ND","ARP","2005"
"OH","ARP","2005"
"PA","ARP","2005"
"RI","ARP","2005"
"SD","ARP","2005"
"TN","ARP","2005"
"UT","ARP","2005"
"VA","ARP","2005"
"WV","ARP","2005"
"WI","ARP","2005"
"WY","ARP","2005"
"OR","ARP","2005"
"ID","ARP","2005"
"AL","NBP","2005"
"KY","NBP","2005"
"SC","NBP","2005"
"IL","NBP","2005"
"CT","NBP","2005"
"DE","NBP","2005"
"MD","NBP","2005"
"DC","NBP","2005"
"IN","NBP","2005"
"NC","NBP","2005"
"MA","NBP","2005"
"MI","NBP","2005"
"NJ","NBP","2005"
"NY","NBP","2005"
"OH","NBP","2005"
"PA","NBP","2005"
"RI","NBP","2005"
"TN","NBP","2005"
"VA","NBP","2005"
"WV","NBP","2005"
"AL","ARP","2006"
"LA","ARP","2006"
"KY","ARP","2006"
"NE","ARP","2006"
"NM","ARP","2006"
"KS","ARP","2006"
"AZ","ARP","2006"
"TX","ARP","2006"
"SC","ARP","2006"
"FL","ARP","2006"
"OK","ARP","2006"
"AR","ARP","2006"
"CA","ARP","2006"
"IL","ARP","2006"
"CO","ARP","2006"
"CT","ARP","2006"
"VT","ARP","2006"
"DE","ARP","2006"
"MD","ARP","2006"
"DC","ARP","2006"
"WA","ARP","2006"
"GA","ARP","2006"
"IN","ARP","2006"
"IA","ARP","2006"
"ME","ARP","2006"
"MA","ARP","2006"
"MI","ARP","2006"
"MN","ARP","2006"
"MS","ARP","2006"
"MO","ARP","2006"
"MT","ARP","2006"
"NV","ARP","2006"
"NH","ARP","2006"
"NJ","ARP","2006"
"NY","ARP","2006"
"NC","ARP","2006"
"ND","ARP","2006"
"OH","ARP","2006"
"PA","ARP","2006"
"RI","ARP","2006"
"SD","ARP","2006"
"TN","ARP","2006"
"UT","ARP","2006"
"VA","ARP","2006"
"WV","ARP","2006"
"WI","ARP","2006"
"WY","ARP","2006"
"OR","ARP","2006"
"ID","ARP","2006"
"AL","NBP","2006"
"KY","NBP","2006"
"SC","NBP","2006"
"IL","NBP","2006"
"CT","NBP","2006"
"DE","NBP","2006"
"MD","NBP","2006"
"DC","NBP","2006"
"IN","NBP","2006"
"NC","NBP","2006"
"MA","NBP","2006"
"MI","NBP","2006"
"NJ","NBP","2006"
"NY","NBP","2006"
"OH","NBP","2006"
"PA","NBP","2006"
"RI","NBP","2006"
"TN","NBP","2006"
"VA","NBP","2006"
"WV","NBP","2006"
"AL","ARP","2007"
"LA","ARP","2007"
"KY","ARP","2007"
"NE","ARP","2007"
"NM","ARP","2007"
"KS","ARP","2007"
"AZ","ARP","2007"
"TX","ARP","2007"
"SC","ARP","2007"
"FL","ARP","2007"
"OK","ARP","2007"
"AR","ARP","2007"
"CA","ARP","2007"
"IL","ARP","2007"
"CO","ARP","2007"
"CT","ARP","2007"
"VT","ARP","2007"
"DE","ARP","2007"
"MD","ARP","2007"
"DC","ARP","2007"
"WA","ARP","2007"
"GA","ARP","2007"
"IN","ARP","2007"
"IA","ARP","2007"
"ME","ARP","2007"
"MA","ARP","2007"
"MI","ARP","2007"
"MN","ARP","2007"
"MS","ARP","2007"
"MO","ARP","2007"
"MT","ARP","2007"
"NV","ARP","2007"
"NH","ARP","2007"
"NJ","ARP","2007"
"NY","ARP","2007"
"NC","ARP","2007"
"ND","ARP","2007"
"OH","ARP","2007"
"PA","ARP","2007"
"RI","ARP","2007"
"SD","ARP","2007"
"TN","ARP","2007"
"UT","ARP","2007"
"VA","ARP","2007"
"WV","ARP","2007"
"WI","ARP","2007"
"WY","ARP","2007"
"OR","ARP","2007"
"ID","ARP","2007"
"AL","NBP","2007"
"KY","NBP","2007"
"SC","NBP","2007"
"IL","NBP","2007"
"CT","NBP","2007"
"DE","NBP","2007"
"MD","NBP","2007"
"DC","NBP","2007"
"IN","NBP","2007"
"NC","NBP","2007"
"MA","NBP","2007"
"MI","NBP","2007"
"MO","NBP","2007"
"NJ","NBP","2007"
"NY","NBP","2007"
"OH","NBP","2007"
"PA","NBP","2007"
"RI","NBP","2007"
"TN","NBP","2007"
"VA","NBP","2007"
"WV","NBP","2007"
"AL","ARP","2008"
"LA","ARP","2008"
"KY","ARP","2008"
"NE","ARP","2008"
"NM","ARP","2008"
"KS","ARP","2008"
"AZ","ARP","2008"
"TX","ARP","2008"
"SC","ARP","2008"
"FL","ARP","2008"
"OK","ARP","2008"
"AR","ARP","2008"
"CA","ARP","2008"
"IL","ARP","2008"
"CO","ARP","2008"
"CT","ARP","2008"
"VT","ARP","2008"
"DE","ARP","2008"
"MD","ARP","2008"
"DC","ARP","2008"
"WA","ARP","2008"
"GA","ARP","2008"
"IN","ARP","2008"
"IA","ARP","2008"
"ME","ARP","2008"
"MA","ARP","2008"
"MI","ARP","2008"
"MN","ARP","2008"
"MS","ARP","2008"
"MO","ARP","2008"
"MT","ARP","2008"
"NV","ARP","2008"
"NH","ARP","2008"
"NJ","ARP","2008"
"NY","ARP","2008"
"NC","ARP","2008"
"ND","ARP","2008"
"OH","ARP","2008"
"PA","ARP","2008"
"RI","ARP","2008"
"SD","ARP","2008"
"TN","ARP","2008"
"UT","ARP","2008"
"VA","ARP","2008"
"WV","ARP","2008"
"WI","ARP","2008"
"WY","ARP","2008"
"OR","ARP","2008"
"ID","ARP","2008"
"AL","NBP","2008"
"KY","NBP","2008"
"SC","NBP","2008"
"IL","NBP","2008"
"CT","NBP","2008"
"DE","NBP","2008"
"MD","NBP","2008"
"DC","NBP","2008"
"IN","NBP","2008"
"NC","NBP","2008"
"MA","NBP","2008"
"MI","NBP","2008"
"MO","NBP","2008"
"NJ","NBP","2008"
"NY","NBP","2008"
"OH","NBP","2008"
"PA","NBP","2008"
"RI","NBP","2008"
"TN","NBP","2008"
"VA","NBP","2008"
"WV","NBP","2008"
"AL","ARP","2009"
"LA","ARP","2009"
"KY","ARP","2009"
"NE","ARP","2009"
"NM","ARP","2009"
"KS","ARP","2009"
"AZ","ARP","2009"
"TX","ARP","2009"
"SC","ARP","2009"
"FL","ARP","2009"
"OK","ARP","2009"
"AR","ARP","2009"
"CA","ARP","2009"
"IL","ARP","2009"
"CO","ARP","2009"
"CT","ARP","2009"
"VT","ARP","2009"
"DE","ARP","2009"
"MD","ARP","2009"
"DC","ARP","2009"
"WA","ARP","2009"
"GA","ARP","2009"
"IN","ARP","2009"
"IA","ARP","2009"
"ME","ARP","2009"
"MA","ARP","2009"
"MI","ARP","2009"
"MN","ARP","2009"
"MS","ARP","2009"
"MO","ARP","2009"
"MT","ARP","2009"
"NV","ARP","2009"
"NH","ARP","2009"
"NJ","ARP","2009"
"NY","ARP","2009"
"NC","ARP","2009"
"ND","ARP","2009"
"OH","ARP","2009"
"PA","ARP","2009"
"RI","ARP","2009"
"SD","ARP","2009"
"TN","ARP","2009"
"UT","ARP","2009"
"VA","ARP","2009"
"WV","ARP","2009"
"WI","ARP","2009"
"WY","ARP","2009"
"OR","ARP","2009"
"ID","ARP","2009"
"AL","CAIRNOX","2009"
"TX","CAIRNOX","2009"
"LA","CAIRNOX","2009"
"KY","CAIRNOX","2009"
"SC","CAIRNOX","2009"
"FL","CAIRNOX","2009"
"IL","CAIRNOX","2009"
"DE","CAIRNOX","2009"
"MD","CAIRNOX","2009"
"DC","CAIRNOX","2009"
"GA","CAIRNOX","2009"
"IN","CAIRNOX","2009"
"NC","CAIRNOX","2009"
"IA","CAIRNOX","2009"
"MI","CAIRNOX","2009"
"MS","CAIRNOX","2009"
"MO","CAIRNOX","2009"
"NJ","CAIRNOX","2009"
"NY","CAIRNOX","2009"
"OH","CAIRNOX","2009"
"PA","CAIRNOX","2009"
"TN","CAIRNOX","2009"
"VA","CAIRNOX","2009"
"WV","CAIRNOX","2009"
"WI","CAIRNOX","2009"
"AL","CAIROS","2009"
"LA","CAIROS","2009"
"KY","CAIROS","2009"
"SC","CAIROS","2009"
"FL","CAIROS","2009"
"AR","CAIROS","2009"
"IL","CAIROS","2009"
"CT","CAIROS","2009"
"DE","CAIROS","2009"
"MD","CAIROS","2009"
"DC","CAIROS","2009"
"IN","CAIROS","2009"
"NC","CAIROS","2009"
"IA","CAIROS","2009"
"MA","CAIROS","2009"
"MI","CAIROS","2009"
"MS","CAIROS","2009"
"MO","CAIROS","2009"
"NJ","CAIROS","2009"
"NY","CAIROS","2009"
"OH","CAIROS","2009"
"PA","CAIROS","2009"
"TN","CAIROS","2009"
"VA","CAIROS","2009"
"WV","CAIROS","2009"
"WI","CAIROS","2009"
"AL","ARP","2010"
"LA","ARP","2010"
"KY","ARP","2010"
"NE","ARP","2010"
"NM","ARP","2010"
"KS","ARP","2010"
"AZ","ARP","2010"
"TX","ARP","2010"
"SC","ARP","2010"
"FL","ARP","2010"
"OK","ARP","2010"
"AR","ARP","2010"
"CA","ARP","2010"
"IL","ARP","2010"
"CO","ARP","2010"
"CT","ARP","2010"
"VT","ARP","2010"
"DE","ARP","2010"
"MD","ARP","2010"
"DC","ARP","2010"
"WA","ARP","2010"
"GA","ARP","2010"
"IN","ARP","2010"
"IA","ARP","2010"
"ME","ARP","2010"
"MA","ARP","2010"
"MI","ARP","2010"
"MN","ARP","2010"
"MS","ARP","2010"
"MO","ARP","2010"
"MT","ARP","2010"
"NV","ARP","2010"
"NH","ARP","2010"
"NJ","ARP","2010"
"NY","ARP","2010"
"NC","ARP","2010"
"ND","ARP","2010"
"OH","ARP","2010"
"PA","ARP","2010"
"RI","ARP","2010"
"SD","ARP","2010"
"TN","ARP","2010"
"UT","ARP","2010"
"VA","ARP","2010"
"WV","ARP","2010"
"WI","ARP","2010"
"WY","ARP","2010"
"OR","ARP","2010"
"ID","ARP","2010"
"AL","CAIRNOX","2010"
"TX","CAIRNOX","2010"
"LA","CAIRNOX","2010"
"KY","CAIRNOX","2010"
"SC","CAIRNOX","2010"
"FL","CAIRNOX","2010"
"IL","CAIRNOX","2010"
"DE","CAIRNOX","2010"
"MD","CAIRNOX","2010"
"DC","CAIRNOX","2010"
"GA","CAIRNOX","2010"
"IN","CAIRNOX","2010"
"NC","CAIRNOX","2010"
"IA","CAIRNOX","2010"
"MI","CAIRNOX","2010"
"MS","CAIRNOX","2010"
"MO","CAIRNOX","2010"
"NJ","CAIRNOX","2010"
"NY","CAIRNOX","2010"
"OH","CAIRNOX","2010"
"PA","CAIRNOX","2010"
"TN","CAIRNOX","2010"
"VA","CAIRNOX","2010"
"WV","CAIRNOX","2010"
"WI","CAIRNOX","2010"
"AL","CAIROS","2010"
"LA","CAIROS","2010"
"KY","CAIROS","2010"
"SC","CAIROS","2010"
"FL","CAIROS","2010"
"AR","CAIROS","2010"
"IL","CAIROS","2010"
"CT","CAIROS","2010"
"DE","CAIROS","2010"
"MD","CAIROS","2010"
"DC","CAIROS","2010"
"IN","CAIROS","2010"
"NC","CAIROS","2010"
"IA","CAIROS","2010"
"MA","CAIROS","2010"
"MI","CAIROS","2010"
"MS","CAIROS","2010"
"MO","CAIROS","2010"
"NJ","CAIROS","2010"
"NY","CAIROS","2010"
"OH","CAIROS","2010"
"PA","CAIROS","2010"
"TN","CAIROS","2010"
"VA","CAIROS","2010"
"WV","CAIROS","2010"
"WI","CAIROS","2010"
"AL","CAIRSO2","2010"
"TX","CAIRSO2","2010"
"LA","CAIRSO2","2010"
"KY","CAIRSO2","2010"
"SC","CAIRSO2","2010"
"FL","CAIRSO2","2010"
"IL","CAIRSO2","2010"
"DE","CAIRSO2","2010"
"MD","CAIRSO2","2010"
"DC","CAIRSO2","2010"
"GA","CAIRSO2","2010"
"IN","CAIRSO2","2010"
"NC","CAIRSO2","2010"
"IA","CAIRSO2","2010"
"MI","CAIRSO2","2010"
"MS","CAIRSO2","2010"
"MO","CAIRSO2","2010"
"NJ","CAIRSO2","2010"
"NY","CAIRSO2","2010"
"OH","CAIRSO2","2010"
"PA","CAIRSO2","2010"
"TN","CAIRSO2","2010"
"VA","CAIRSO2","2010"
"WV","CAIRSO2","2010"
"WI","CAIRSO2","2010"
"AL","ARP","2011"
"LA","ARP","2011"
"KY","ARP","2011"
"NE","ARP","2011"
"NM","ARP","2011"
"KS","ARP","2011"
"AZ","ARP","2011"
"TX","ARP","2011"
"SC","ARP","2011"
"FL","ARP","2011"
"OK","ARP","2011"
"AR","ARP","2011"
"CA","ARP","2011"
"IL","ARP","2011"
"CO","ARP","2011"
"CT","ARP","2011"
"VT","ARP","2011"
"DE","ARP","2011"
"MD","ARP","2011"
"DC","ARP","2011"
"WA","ARP","2011"
"GA","ARP","2011"
"IN","ARP","2011"
"IA","ARP","2011"
"ME","ARP","2011"
"MA","ARP","2011"
"MI","ARP","2011"
"MN","ARP","2011"
"MS","ARP","2011"
"MO","ARP","2011"
"MT","ARP","2011"
"NV","ARP","2011"
"NH","ARP","2011"
"NJ","ARP","2011"
"NY","ARP","2011"
"NC","ARP","2011"
"ND","ARP","2011"
"OH","ARP","2011"
"PA","ARP","2011"
"RI","ARP","2011"
"SD","ARP","2011"
"TN","ARP","2011"
"UT","ARP","2011"
"VA","ARP","2011"
"WV","ARP","2011"
"WI","ARP","2011"
"WY","ARP","2011"
"OR","ARP","2011"
"ID","ARP","2011"
"AL","CAIRNOX","2011"
"TX","CAIRNOX","2011"
"LA","CAIRNOX","2011"
"KY","CAIRNOX","2011"
"SC","CAIRNOX","2011"
"FL","CAIRNOX","2011"
"IL","CAIRNOX","2011"
"DE","CAIRNOX","2011"
"MD","CAIRNOX","2011"
"DC","CAIRNOX","2011"
"GA","CAIRNOX","2011"
"IN","CAIRNOX","2011"
"NC","CAIRNOX","2011"
"IA","CAIRNOX","2011"
"MI","CAIRNOX","2011"
"MS","CAIRNOX","2011"
"MO","CAIRNOX","2011"
"NJ","CAIRNOX","2011"
"NY","CAIRNOX","2011"
"OH","CAIRNOX","2011"
"PA","CAIRNOX","2011"
"TN","CAIRNOX","2011"
"VA","CAIRNOX","2011"
"WV","CAIRNOX","2011"
"WI","CAIRNOX","2011"
"AL","CAIROS","2011"
"LA","CAIROS","2011"
"KY","CAIROS","2011"
"SC","CAIROS","2011"
"FL","CAIROS","2011"
"AR","CAIROS","2011"
"IL","CAIROS","2011"
"CT","CAIROS","2011"
"DE","CAIROS","2011"
"MD","CAIROS","2011"
"DC","CAIROS","2011"
"IN","CAIROS","2011"
"NC","CAIROS","2011"
"IA","CAIROS","2011"
"MA","CAIROS","2011"
"MI","CAIROS","2011"
"MS","CAIROS","2011"
"MO","CAIROS","2011"
"NJ","CAIROS","2011"
"NY","CAIROS","2011"
"OH","CAIROS","2011"
"PA","CAIROS","2011"
"TN","CAIROS","2011"
"VA","CAIROS","2011"
"WV","CAIROS","2011"
"WI","CAIROS","2011"
"AL","CAIRSO2","2011"
"TX","CAIRSO2","2011"
"LA","CAIRSO2","2011"
"KY","CAIRSO2","2011"
"SC","CAIRSO2","2011"
"FL","CAIRSO2","2011"
"IL","CAIRSO2","2011"
"DE","CAIRSO2","2011"
"MD","CAIRSO2","2011"
"DC","CAIRSO2","2011"
"GA","CAIRSO2","2011"
"IN","CAIRSO2","2011"
"NC","CAIRSO2","2011"
"IA","CAIRSO2","2011"
"MI","CAIRSO2","2011"
"MS","CAIRSO2","2011"
"MO","CAIRSO2","2011"
"NJ","CAIRSO2","2011"
"NY","CAIRSO2","2011"
"OH","CAIRSO2","2011"
"PA","CAIRSO2","2011"
"TN","CAIRSO2","2011"
"VA","CAIRSO2","2011"
"WV","CAIRSO2","2011"
"WI","CAIRSO2","2011"
"AL","ARP","2012"
"LA","ARP","2012"
"KY","ARP","2012"
"NE","ARP","2012"
"NM","ARP","2012"
"KS","ARP","2012"
"AZ","ARP","2012"
"TX","ARP","2012"
"SC","ARP","2012"
"FL","ARP","2012"
"OK","ARP","2012"
"AR","ARP","2012"
"CA","ARP","2012"
"IL","ARP","2012"
"CO","ARP","2012"
"CT","ARP","2012"
"VT","ARP","2012"
"DE","ARP","2012"
"MD","ARP","2012"
"DC","ARP","2012"
"WA","ARP","2012"
"GA","ARP","2012"
"IN","ARP","2012"
"IA","ARP","2012"
"ME","ARP","2012"
"MA","ARP","2012"
"MI","ARP","2012"
"MN","ARP","2012"
"MS","ARP","2012"
"MO","ARP","2012"
"MT","ARP","2012"
"NV","ARP","2012"
"NH","ARP","2012"
"NJ","ARP","2012"
"NY","ARP","2012"
"NC","ARP","2012"
"ND","ARP","2012"
"OH","ARP","2012"
"PA","ARP","2012"
"RI","ARP","2012"
"SD","ARP","2012"
"TN","ARP","2012"
"UT","ARP","2012"
"VA","ARP","2012"
"WV","ARP","2012"
"WI","ARP","2012"
"WY","ARP","2012"
"OR","ARP","2012"
"ID","ARP","2012"
"AL","CAIRNOX","2012"
"TX","CAIRNOX","2012"
"LA","CAIRNOX","2012"
"KY","CAIRNOX","2012"
"SC","CAIRNOX","2012"
"FL","CAIRNOX","2012"
"IL","CAIRNOX","2012"
"DE","CAIRNOX","2012"
"MD","CAIRNOX","2012"
"DC","CAIRNOX","2012"
"GA","CAIRNOX","2012"
"IN","CAIRNOX","2012"
"NC","CAIRNOX","2012"
"IA","CAIRNOX","2012"
"MI","CAIRNOX","2012"
"MS","CAIRNOX","2012"
"MO","CAIRNOX","2012"
"NJ","CAIRNOX","2012"
"NY","CAIRNOX","2012"
"OH","CAIRNOX","2012"
"PA","CAIRNOX","2012"
"TN","CAIRNOX","2012"
"VA","CAIRNOX","2012"
"WV","CAIRNOX","2012"
"WI","CAIRNOX","2012"
"AL","CAIROS","2012"
"LA","CAIROS","2012"
"KY","CAIROS","2012"
"SC","CAIROS","2012"
"FL","CAIROS","2012"
"AR","CAIROS","2012"
"IL","CAIROS","2012"
"CT","CAIROS","2012"
"DE","CAIROS","2012"
"MD","CAIROS","2012"
"DC","CAIROS","2012"
"IN","CAIROS","2012"
"NC","CAIROS","2012"
"IA","CAIROS","2012"
"MA","CAIROS","2012"
"MI","CAIROS","2012"
"MS","CAIROS","2012"
"MO","CAIROS","2012"
"NJ","CAIROS","2012"
"NY","CAIROS","2012"
"OH","CAIROS","2012"
"PA","CAIROS","2012"
"TN","CAIROS","2012"
"VA","CAIROS","2012"
"WV","CAIROS","2012"
"WI","CAIROS","2012"
"AL","CAIRSO2","2012"
"TX","CAIRSO2","2012"
"LA","CAIRSO2","2012"
"KY","CAIRSO2","2012"
"SC","CAIRSO2","2012"
"FL","CAIRSO2","2012"
"IL","CAIRSO2","2012"
"DE","CAIRSO2","2012"
"MD","CAIRSO2","2012"
"DC","CAIRSO2","2012"
"GA","CAIRSO2","2012"
"IN","CAIRSO2","2012"
"NC","CAIRSO2","2012"
"IA","CAIRSO2","2012"
"MI","CAIRSO2","2012"
"MS","CAIRSO2","2012"
"MO","CAIRSO2","2012"
"NJ","CAIRSO2","2012"
"NY","CAIRSO2","2012"
"OH","CAIRSO2","2012"
"PA","CAIRSO2","2012"
"TN","CAIRSO2","2012"
"VA","CAIRSO2","2012"
"WV","CAIRSO2","2012"
"WI","CAIRSO2","2012"
"AL","ARP","2013"
"LA","ARP","2013"
"KY","ARP","2013"
"NE","ARP","2013"
"NM","ARP","2013"
"KS","ARP","2013"
"AZ","ARP","2013"
"TX","ARP","2013"
"SC","ARP","2013"
"FL","ARP","2013"
"OK","ARP","2013"
"AR","ARP","2013"
"CA","ARP","2013"
"IL","ARP","2013"
"CO","ARP","2013"
"CT","ARP","2013"
"VT","ARP","2013"
"DE","ARP","2013"
"MD","ARP","2013"
"WA","ARP","2013"
"GA","ARP","2013"
"IN","ARP","2013"
"IA","ARP","2013"
"ME","ARP","2013"
"MA","ARP","2013"
"MI","ARP","2013"
"MN","ARP","2013"
"MS","ARP","2013"
"MO","ARP","2013"
"MT","ARP","2013"
"NV","ARP","2013"
"NH","ARP","2013"
"NJ","ARP","2013"
"NY","ARP","2013"
"NC","ARP","2013"
"ND","ARP","2013"
"OH","ARP","2013"
"PA","ARP","2013"
"RI","ARP","2013"
"SD","ARP","2013"
"TN","ARP","2013"
"UT","ARP","2013"
"VA","ARP","2013"
"WV","ARP","2013"
"WI","ARP","2013"
"WY","ARP","2013"
"OR","ARP","2013"
"ID","ARP","2013"
"AL","CAIRNOX","2013"
"TX","CAIRNOX","2013"
"LA","CAIRNOX","2013"
"KY","CAIRNOX","2013"
"SC","CAIRNOX","2013"
"FL","CAIRNOX","2013"
"IL","CAIRNOX","2013"
"DE","CAIRNOX","2013"
"MD","CAIRNOX","2013"
"GA","CAIRNOX","2013"
"IN","CAIRNOX","2013"
"NC","CAIRNOX","2013"
"IA","CAIRNOX","2013"
"MI","CAIRNOX","2013"
"MS","CAIRNOX","2013"
"MO","CAIRNOX","2013"
"NJ","CAIRNOX","2013"
"NY","CAIRNOX","2013"
"OH","CAIRNOX","2013"
"PA","CAIRNOX","2013"
"TN","CAIRNOX","2013"
"VA","CAIRNOX","2013"
"WV","CAIRNOX","2013"
"WI","CAIRNOX","2013"
"AL","CAIROS","2013"
"LA","CAIROS","2013"
"KY","CAIROS","2013"
"SC","CAIROS","2013"
"FL","CAIROS","2013"
"AR","CAIROS","2013"
"IL","CAIROS","2013"
"CT","CAIROS","2013"
"DE","CAIROS","2013"
"MD","CAIROS","2013"
"IN","CAIROS","2013"
"NC","CAIROS","2013"
"IA","CAIROS","2013"
"MA","CAIROS","2013"
"MI","CAIROS","2013"
"MS","CAIROS","2013"
"MO","CAIROS","2013"
"NJ","CAIROS","2013"
"NY","CAIROS","2013"
"OH","CAIROS","2013"
"PA","CAIROS","2013"
"TN","CAIROS","2013"
"VA","CAIROS","2013"
"WV","CAIROS","2013"
"WI","CAIROS","2013"
"AL","CAIRSO2","2013"
"TX","CAIRSO2","2013"
"LA","CAIRSO2","2013"
"KY","CAIRSO2","2013"
"SC","CAIRSO2","2013"
"FL","CAIRSO2","2013"
"IL","CAIRSO2","2013"
"DE","CAIRSO2","2013"
"MD","CAIRSO2","2013"
"GA","CAIRSO2","2013"
"IN","CAIRSO2","2013"
"NC","CAIRSO2","2013"
"IA","CAIRSO2","2013"
"MI","CAIRSO2","2013"
"MS","CAIRSO2","2013"
"MO","CAIRSO2","2013"
"NJ","CAIRSO2","2013"
"NY","CAIRSO2","2013"
"OH","CAIRSO2","2013"
"PA","CAIRSO2","2013"
"TN","CAIRSO2","2013"
"VA","CAIRSO2","2013"
"WV","CAIRSO2","2013"
"WI","CAIRSO2","2013"
"AL","ARP","2014"
"LA","ARP","2014"
"KY","ARP","2014"
"NE","ARP","2014"
"NM","ARP","2014"
"KS","ARP","2014"
"AZ","ARP","2014"
"TX","ARP","2014"
"SC","ARP","2014"
"FL","ARP","2014"
"OK","ARP","2014"
"AR","ARP","2014"
"CA","ARP","2014"
"IL","ARP","2014"
"CO","ARP","2014"
"CT","ARP","2014"
"VT","ARP","2014"
"DE","ARP","2014"
"MD","ARP","2014"
"WA","ARP","2014"
"GA","ARP","2014"
"IN","ARP","2014"
"IA","ARP","2014"
"ME","ARP","2014"
"MA","ARP","2014"
"MI","ARP","2014"
"MN","ARP","2014"
"MS","ARP","2014"
"MO","ARP","2014"
"MT","ARP","2014"
"NV","ARP","2014"
"NH","ARP","2014"
"NJ","ARP","2014"
"NY","ARP","2014"
"NC","ARP","2014"
"ND","ARP","2014"
"OH","ARP","2014"
"PA","ARP","2014"
"RI","ARP","2014"
"SD","ARP","2014"
"TN","ARP","2014"
"UT","ARP","2014"
"VA","ARP","2014"
"WV","ARP","2014"
"WI","ARP","2014"
"WY","ARP","2014"
"OR","ARP","2014"
"ID","ARP","2014"
"AL","CAIRNOX","2014"
"TX","CAIRNOX","2014"
"LA","CAIRNOX","2014"
"KY","CAIRNOX","2014"
"SC","CAIRNOX","2014"
"FL","CAIRNOX","2014"
"IL","CAIRNOX","2014"
"DE","CAIRNOX","2014"
"MD","CAIRNOX","2014"
"GA","CAIRNOX","2014"
"IN","CAIRNOX","2014"
"NC","CAIRNOX","2014"
"IA","CAIRNOX","2014"
"MI","CAIRNOX","2014"
"MS","CAIRNOX","2014"
"MO","CAIRNOX","2014"
"NJ","CAIRNOX","2014"
"NY","CAIRNOX","2014"
"OH","CAIRNOX","2014"
"PA","CAIRNOX","2014"
"TN","CAIRNOX","2014"
"VA","CAIRNOX","2014"
"WV","CAIRNOX","2014"
"WI","CAIRNOX","2014"
"AL","CAIROS","2014"
"LA","CAIROS","2014"
"KY","CAIROS","2014"
"SC","CAIROS","2014"
"FL","CAIROS","2014"
"AR","CAIROS","2014"
"IL","CAIROS","2014"
"CT","CAIROS","2014"
"DE","CAIROS","2014"
"MD","CAIROS","2014"
"IN","CAIROS","2014"
"NC","CAIROS","2014"
"IA","CAIROS","2014"
"MA","CAIROS","2014"
"MI","CAIROS","2014"
"MS","CAIROS","2014"
"MO","CAIROS","2014"
"NJ","CAIROS","2014"
"NY","CAIROS","2014"
"OH","CAIROS","2014"
"PA","CAIROS","2014"
"TN","CAIROS","2014"
"VA","CAIROS","2014"
"WV","CAIROS","2014"
"WI","CAIROS","2014"
"AL","CAIRSO2","2014"
"TX","CAIRSO2","2014"
"LA","CAIRSO2","2014"
"KY","CAIRSO2","2014"
"SC","CAIRSO2","2014"
"FL","CAIRSO2","2014"
"IL","CAIRSO2","2014"
"DE","CAIRSO2","2014"
"MD","CAIRSO2","2014"
"GA","CAIRSO2","2014"
"IN","CAIRSO2","2014"
"NC","CAIRSO2","2014"
"IA","CAIRSO2","2014"
"MI","CAIRSO2","2014"
"MS","CAIRSO2","2014"
"MO","CAIRSO2","2014"
"NJ","CAIRSO2","2014"
"NY","CAIRSO2","2014"
"OH","CAIRSO2","2014"
"PA","CAIRSO2","2014"
"TN","CAIRSO2","2014"
"VA","CAIRSO2","2014"
"WV","CAIRSO2","2014"
"WI","CAIRSO2","2014"
"AL","ARP","2015"
"LA","ARP","2015"
"KY","ARP","2015"
"NE","ARP","2015"
"NM","ARP","2015"
"KS","ARP","2015"
"AZ","ARP","2015"
"TX","ARP","2015"
"SC","ARP","2015"
"FL","ARP","2015"
"OK","ARP","2015"
"AR","ARP","2015"
"CA","ARP","2015"
"IL","ARP","2015"
"CO","ARP","2015"
"CT","ARP","2015"
"VT","ARP","2015"
"DE","ARP","2015"
"MD","ARP","2015"
"WA","ARP","2015"
"GA","ARP","2015"
"IN","ARP","2015"
"IA","ARP","2015"
"ME","ARP","2015"
"MA","ARP","2015"
"MI","ARP","2015"
"MN","ARP","2015"
"MS","ARP","2015"
"MO","ARP","2015"
"MT","ARP","2015"
"NV","ARP","2015"
"NH","ARP","2015"
"NJ","ARP","2015"
"NY","ARP","2015"
"NC","ARP","2015"
"ND","ARP","2015"
"OH","ARP","2015"
"PA","ARP","2015"
"RI","ARP","2015"
"SD","ARP","2015"
"TN","ARP","2015"
"UT","ARP","2015"
"VA","ARP","2015"
"WV","ARP","2015"
"WI","ARP","2015"
"WY","ARP","2015"
"OR","ARP","2015"
"ID","ARP","2015"
"AL","CSNOX","2015"
"TX","CSNOX","2015"
"KY","CSNOX","2015"
"NE","CSNOX","2015"
"KS","CSNOX","2015"
"SC","CSNOX","2015"
"IL","CSNOX","2015"
"MD","CSNOX","2015"
"GA","CSNOX","2015"
"IN","CSNOX","2015"
"NC","CSNOX","2015"
"IA","CSNOX","2015"
"MI","CSNOX","2015"
"MN","CSNOX","2015"
"MO","CSNOX","2015"
"NJ","CSNOX","2015"
"NY","CSNOX","2015"
"OH","CSNOX","2015"
"PA","CSNOX","2015"
"TN","CSNOX","2015"
"VA","CSNOX","2015"
"WV","CSNOX","2015"
"WI","CSNOX","2015"
"AL","CSNOXOS","2015"
"TX","CSNOXOS","2015"
"LA","CSNOXOS","2015"
"KY","CSNOXOS","2015"
"SC","CSNOXOS","2015"
"FL","CSNOXOS","2015"
"OK","CSNOXOS","2015"
"AR","CSNOXOS","2015"
"IL","CSNOXOS","2015"
"MD","CSNOXOS","2015"
"GA","CSNOXOS","2015"
"IN","CSNOXOS","2015"
"NC","CSNOXOS","2015"
"IA","CSNOXOS","2015"
"MI","CSNOXOS","2015"
"MS","CSNOXOS","2015"
"MO","CSNOXOS","2015"
"NJ","CSNOXOS","2015"
"NY","CSNOXOS","2015"
"OH","CSNOXOS","2015"
"PA","CSNOXOS","2015"
"TN","CSNOXOS","2015"
"VA","CSNOXOS","2015"
"WV","CSNOXOS","2015"
"WI","CSNOXOS","2015"
"KY","CSSO2G1","2015"
"IL","CSSO2G1","2015"
"MD","CSSO2G1","2015"
"IN","CSSO2G1","2015"
"NC","CSSO2G1","2015"
"IA","CSSO2G1","2015"
"MI","CSSO2G1","2015"
"MO","CSSO2G1","2015"
"NJ","CSSO2G1","2015"
"NY","CSSO2G1","2015"
"OH","CSSO2G1","2015"
"PA","CSSO2G1","2015"
"TN","CSSO2G1","2015"
"VA","CSSO2G1","2015"
"WV","CSSO2G1","2015"
"WI","CSSO2G1","2015"
"AL","CSSO2G2","2015"
"TX","CSSO2G2","2015"
"NE","CSSO2G2","2015"
"KS","CSSO2G2","2015"
"SC","CSSO2G2","2015"
"GA","CSSO2G2","2015"
"MN","CSSO2G2","2015"
"AL","ARP","2016"
"LA","ARP","2016"
"KY","ARP","2016"
"NE","ARP","2016"
"NM","ARP","2016"
"KS","ARP","2016"
"AZ","ARP","2016"
"TX","ARP","2016"
"SC","ARP","2016"
"FL","ARP","2016"
"OK","ARP","2016"
"AR","ARP","2016"
"CA","ARP","2016"
"IL","ARP","2016"
"CO","ARP","2016"
"CT","ARP","2016"
"VT","ARP","2016"
"DE","ARP","2016"
"MD","ARP","2016"
"WA","ARP","2016"
"GA","ARP","2016"
"IN","ARP","2016"
"IA","ARP","2016"
"ME","ARP","2016"
"MA","ARP","2016"
"MI","ARP","2016"
"MN","ARP","2016"
"MS","ARP","2016"
"MO","ARP","2016"
"MT","ARP","2016"
"NV","ARP","2016"
"NH","ARP","2016"
"NJ","ARP","2016"
"NY","ARP","2016"
"NC","ARP","2016"
"ND","ARP","2016"
"OH","ARP","2016"
"PA","ARP","2016"
"RI","ARP","2016"
"SD","ARP","2016"
"TN","ARP","2016"
"UT","ARP","2016"
"VA","ARP","2016"
"WV","ARP","2016"
"WI","ARP","2016"
"WY","ARP","2016"
"OR","ARP","2016"
"ID","ARP","2016"
"AL","CSNOX","2016"
"TX","CSNOX","2016"
"KY","CSNOX","2016"
"NE","CSNOX","2016"
"KS","CSNOX","2016"
"SC","CSNOX","2016"
"IL","CSNOX","2016"
"MD","CSNOX","2016"
"GA","CSNOX","2016"
"IN","CSNOX","2016"
"NC","CSNOX","2016"
"IA","CSNOX","2016"
"MI","CSNOX","2016"
"MN","CSNOX","2016"
"MO","CSNOX","2016"
"NJ","CSNOX","2016"
"NY","CSNOX","2016"
"OH","CSNOX","2016"
"PA","CSNOX","2016"
"TN","CSNOX","2016"
"VA","CSNOX","2016"
"WV","CSNOX","2016"
"WI","CSNOX","2016"
"AL","CSNOXOS","2016"
"TX","CSNOXOS","2016"
"LA","CSNOXOS","2016"
"KY","CSNOXOS","2016"
"SC","CSNOXOS","2016"
"FL","CSNOXOS","2016"
"OK","CSNOXOS","2016"
"AR","CSNOXOS","2016"
"IL","CSNOXOS","2016"
"MD","CSNOXOS","2016"
"GA","CSNOXOS","2016"
"IN","CSNOXOS","2016"
"NC","CSNOXOS","2016"
"IA","CSNOXOS","2016"
"MI","CSNOXOS","2016"
"MS","CSNOXOS","2016"
"MO","CSNOXOS","2016"
"NJ","CSNOXOS","2016"
"NY","CSNOXOS","2016"
"OH","CSNOXOS","2016"
"PA","CSNOXOS","2016"
"TN","CSNOXOS","2016"
"VA","CSNOXOS","2016"
"WV","CSNOXOS","2016"
"WI","CSNOXOS","2016"
"KY","CSSO2G1","2016"
"IL","CSSO2G1","2016"
"MD","CSSO2G1","2016"
"IN","CSSO2G1","2016"
"NC","CSSO2G1","2016"
"IA","CSSO2G1","2016"
"MI","CSSO2G1","2016"
"MO","CSSO2G1","2016"
"NJ","CSSO2G1","2016"
"NY","CSSO2G1","2016"
"OH","CSSO2G1","2016"
"PA","CSSO2G1","2016"
"TN","CSSO2G1","2016"
"VA","CSSO2G1","2016"
"WV","CSSO2G1","2016"
"WI","CSSO2G1","2016"
"AL","CSSO2G2","2016"
"TX","CSSO2G2","2016"
"NE","CSSO2G2","2016"
"KS","CSSO2G2","2016"
"SC","CSSO2G2","2016"
"GA","CSSO2G2","2016"
"MN","CSSO2G2","2016"
"AL","ARP","2017"
"LA","ARP","2017"
"KY","ARP","2017"
"NE","ARP","2017"
"NM","ARP","2017"
"KS","ARP","2017"
"AZ","ARP","2017"
"TX","ARP","2017"
"SC","ARP","2017"
"FL","ARP","2017"
"OK","ARP","2017"
"AR","ARP","2017"
"CA","ARP","2017"
"IL","ARP","2017"
"CO","ARP","2017"
"CT","ARP","2017"
"VT","ARP","2017"
"DE","ARP","2017"
"MD","ARP","2017"
"WA","ARP","2017"
"GA","ARP","2017"
"IN","ARP","2017"
"IA","ARP","2017"
"ME","ARP","2017"
"MA","ARP","2017"
"MI","ARP","2017"
"MN","ARP","2017"
"MS","ARP","2017"
"MO","ARP","2017"
"MT","ARP","2017"
"NV","ARP","2017"
"NH","ARP","2017"
"NJ","ARP","2017"
"NY","ARP","2017"
"NC","ARP","2017"
"ND","ARP","2017"
"OH","ARP","2017"
"PA","ARP","2017"
"RI","ARP","2017"
"SD","ARP","2017"
"TN","ARP","2017"
"UT","ARP","2017"
"VA","ARP","2017"
"WV","ARP","2017"
"WI","ARP","2017"
"WY","ARP","2017"
"OR","ARP","2017"
"ID","ARP","2017"
"AL","CSNOX","2017"
"KY","CSNOX","2017"
"NE","CSNOX","2017"
"KS","CSNOX","2017"
"SC","CSNOX","2017"
"IL","CSNOX","2017"
"MD","CSNOX","2017"
"GA","CSNOX","2017"
"IN","CSNOX","2017"
"NC","CSNOX","2017"
"IA","CSNOX","2017"
"MI","CSNOX","2017"
"MN","CSNOX","2017"
"MO","CSNOX","2017"
"NJ","CSNOX","2017"
"NY","CSNOX","2017"
"OH","CSNOX","2017"
"PA","CSNOX","2017"
"TN","CSNOX","2017"
"VA","CSNOX","2017"
"WV","CSNOX","2017"
"WI","CSNOX","2017"
"GA","CSOSG1","2017"
"AL","CSOSG2","2017"
"TX","CSOSG2","2017"
"LA","CSOSG2","2017"
"KY","CSOSG2","2017"
"KS","CSOSG2","2017"
"OK","CSOSG2","2017"
"AR","CSOSG2","2017"
"IL","CSOSG2","2017"
"MD","CSOSG2","2017"
"IN","CSOSG2","2017"
"IA","CSOSG2","2017"
"MI","CSOSG2","2017"
"MS","CSOSG2","2017"
"MO","CSOSG2","2017"
"NJ","CSOSG2","2017"
"NY","CSOSG2","2017"
"OH","CSOSG2","2017"
"PA","CSOSG2","2017"
"TN","CSOSG2","2017"
"VA","CSOSG2","2017"
"WV","CSOSG2","2017"
"WI","CSOSG2","2017"
"KY","CSSO2G1","2017"
"IL","CSSO2G1","2017"
"MD","CSSO2G1","2017"
"IN","CSSO2G1","2017"
"NC","CSSO2G1","2017"
"IA","CSSO2G1","2017"
"MI","CSSO2G1","2017"
"MO","CSSO2G1","2017"
"NJ","CSSO2G1","2017"
"NY","CSSO2G1","2017"
"OH","CSSO2G1","2017"
"PA","CSSO2G1","2017"
"TN","CSSO2G1","2017"
"VA","CSSO2G1","2017"
"WV","CSSO2G1","2017"
"WI","CSSO2G1","2017"
"AL","CSSO2G2","2017"
"NE","CSSO2G2","2017"
"KS","CSSO2G2","2017"
"SC","CSSO2G2","2017"
"GA","CSSO2G2","2017"
"MN","CSSO2G2","2017"
"AL","ARP","2018"
"LA","ARP","2018"
"KY","ARP","2018"
"NE","ARP","2018"
"NM","ARP","2018"
"KS","ARP","2018"
"AZ","ARP","2018"
"TX","ARP","2018"
"SC","ARP","2018"
"FL","ARP","2018"
"OK","ARP","2018"
"AR","ARP","2018"
"CA","ARP","2018"
"IL","ARP","2018"
"CO","ARP","2018"
"CT","ARP","2018"
"VT","ARP","2018"
"DE","ARP","2018"
"MD","ARP","2018"
"WA","ARP","2018"
"GA","ARP","2018"
"IN","ARP","2018"
"IA","ARP","2018"
"ME","ARP","2018"
"MA","ARP","2018"
"MI","ARP","2018"
"MN","ARP","2018"
"MS","ARP","2018"
"MO","ARP","2018"
"MT","ARP","2018"
"NV","ARP","2018"
"NH","ARP","2018"
"NJ","ARP","2018"
"NY","ARP","2018"
"NC","ARP","2018"
"ND","ARP","2018"
"OH","ARP","2018"
"PA","ARP","2018"
"RI","ARP","2018"
"SD","ARP","2018"
"TN","ARP","2018"
"UT","ARP","2018"
"VA","ARP","2018"
"WV","ARP","2018"
"WI","ARP","2018"
"WY","ARP","2018"
"OR","ARP","2018"
"ID","ARP","2018"
"AL","CSNOX","2018"
"KY","CSNOX","2018"
"NE","CSNOX","2018"
"KS","CSNOX","2018"
"SC","CSNOX","2018"
"IL","CSNOX","2018"
"MD","CSNOX","2018"
"GA","CSNOX","2018"
"IN","CSNOX","2018"
"NC","CSNOX","2018"
"IA","CSNOX","2018"
"MI","CSNOX","2018"
"MN","CSNOX","2018"
"MO","CSNOX","2018"
"NJ","CSNOX","2018"
"NY","CSNOX","2018"
"OH","CSNOX","2018"
"PA","CSNOX","2018"
"TN","CSNOX","2018"
"VA","CSNOX","2018"
"WV","CSNOX","2018"
"WI","CSNOX","2018"
"GA","CSOSG1","2018"
"AL","CSOSG2","2018"
"TX","CSOSG2","2018"
"LA","CSOSG2","2018"
"KY","CSOSG2","2018"
"KS","CSOSG2","2018"
"OK","CSOSG2","2018"
"AR","CSOSG2","2018"
"IL","CSOSG2","2018"
"MD","CSOSG2","2018"
"IN","CSOSG2","2018"
"IA","CSOSG2","2018"
"MI","CSOSG2","2018"
"MS","CSOSG2","2018"
"MO","CSOSG2","2018"
"NJ","CSOSG2","2018"
"NY","CSOSG2","2018"
"OH","CSOSG2","2018"
"PA","CSOSG2","2018"
"TN","CSOSG2","2018"
"VA","CSOSG2","2018"
"WV","CSOSG2","2018"
"WI","CSOSG2","2018"
"KY","CSSO2G1","2018"
"IL","CSSO2G1","2018"
"MD","CSSO2G1","2018"
"IN","CSSO2G1","2018"
"NC","CSSO2G1","2018"
"IA","CSSO2G1","2018"
"MI","CSSO2G1","2018"
"MO","CSSO2G1","2018"
"NJ","CSSO2G1","2018"
"NY","CSSO2G1","2018"
"OH","CSSO2G1","2018"
"PA","CSSO2G1","2018"
"TN","CSSO2G1","2018"
"VA","CSSO2G1","2018"
"WV","CSSO2G1","2018"
"WI","CSSO2G1","2018"
"AL","CSSO2G2","2018"
"NE","CSSO2G2","2018"
"KS","CSSO2G2","2018"
"SC","CSSO2G2","2018"
"GA","CSSO2G2","2018"
"MN","CSSO2G2","2018"
"AL","ARP","2019"
"LA","ARP","2019"
"KY","ARP","2019"
"NE","ARP","2019"
"NM","ARP","2019"
"KS","ARP","2019"
"AZ","ARP","2019"
"TX","ARP","2019"
"SC","ARP","2019"
"FL","ARP","2019"
"OK","ARP","2019"
"AR","ARP","2019"
"CA","ARP","2019"
"IL","ARP","2019"
"CO","ARP","2019"
"CT","ARP","2019"
"VT","ARP","2019"
"DE","ARP","2019"
"MD","ARP","2019"
"WA","ARP","2019"
"GA","ARP","2019"
"IN","ARP","2019"
"IA","ARP","2019"
"ME","ARP","2019"
"MA","ARP","2019"
"MI","ARP","2019"
"MN","ARP","2019"
"MS","ARP","2019"
"MO","ARP","2019"
"MT","ARP","2019"
"NV","ARP","2019"
"NH","ARP","2019"
"NJ","ARP","2019"
"NY","ARP","2019"
"NC","ARP","2019"
"ND","ARP","2019"
"OH","ARP","2019"
"PA","ARP","2019"
"RI","ARP","2019"
"SD","ARP","2019"
"TN","ARP","2019"
"UT","ARP","2019"
"VA","ARP","2019"
"WV","ARP","2019"
"WI","ARP","2019"
"WY","ARP","2019"
"OR","ARP","2019"
"ID","ARP","2019"
"AL","CSNOX","2019"
"KY","CSNOX","2019"
"NE","CSNOX","2019"
"KS","CSNOX","2019"
"SC","CSNOX","2019"
"IL","CSNOX","2019"
"MD","CSNOX","2019"
"GA","CSNOX","2019"
"IN","CSNOX","2019"
"NC","CSNOX","2019"
"IA","CSNOX","2019"
"MI","CSNOX","2019"
"MN","CSNOX","2019"
"MO","CSNOX","2019"
"NJ","CSNOX","2019"
"NY","CSNOX","2019"
"OH","CSNOX","2019"
"PA","CSNOX","2019"
"TN","CSNOX","2019"
"VA","CSNOX","2019"
"WV","CSNOX","2019"
"WI","CSNOX","2019"
"GA","CSOSG1","2019"
"AL","CSOSG2","2019"
"TX","CSOSG2","2019"
"LA","CSOSG2","2019"
"KY","CSOSG2","2019"
"KS","CSOSG2","2019"
"OK","CSOSG2","2019"
"AR","CSOSG2","2019"
"IL","CSOSG2","2019"
"MD","CSOSG2","2019"
"IN","CSOSG2","2019"
"IA","CSOSG2","2019"
"MI","CSOSG2","2019"
"MS","CSOSG2","2019"
"MO","CSOSG2","2019"
"NJ","CSOSG2","2019"
"NY","CSOSG2","2019"
"OH","CSOSG2","2019"
"PA","CSOSG2","2019"
"TN","CSOSG2","2019"
"VA","CSOSG2","2019"
"WV","CSOSG2","2019"
"WI","CSOSG2","2019"
"KY","CSSO2G1","2019"
"IL","CSSO2G1","2019"
"MD","CSSO2G1","2019"
"IN","CSSO2G1","2019"
"NC","CSSO2G1","2019"
"IA","CSSO2G1","2019"
"MI","CSSO2G1","2019"
"MO","CSSO2G1","2019"
"NJ","CSSO2G1","2019"
"NY","CSSO2G1","2019"
"OH","CSSO2G1","2019"
"PA","CSSO2G1","2019"
"TN","CSSO2G1","2019"
"VA","CSSO2G1","2019"
"WV","CSSO2G1","2019"
"WI","CSSO2G1","2019"
"AL","CSSO2G2","2019"
"NE","CSSO2G2","2019"
"KS","CSSO2G2","2019"
"SC","CSSO2G2","2019"
"GA","CSSO2G2","2019"
"MN","CSSO2G2","2019"
"TX","TXSO2","2019"
"AL","ARP","2020"
"LA","ARP","2020"
"KY","ARP","2020"
"NE","ARP","2020"
"NM","ARP","2020"
"KS","ARP","2020"
"AZ","ARP","2020"
"TX","ARP","2020"
"SC","ARP","2020"
"FL","ARP","2020"
"OK","ARP","2020"
"AR","ARP","2020"
"CA","ARP","2020"
"IL","ARP","2020"
"CO","ARP","2020"
"CT","ARP","2020"
"VT","ARP","2020"
"DE","ARP","2020"
"MD","ARP","2020"
"WA","ARP","2020"
"GA","ARP","2020"
"IN","ARP","2020"
"IA","ARP","2020"
"ME","ARP","2020"
"MA","ARP","2020"
"MI","ARP","2020"
"MN","ARP","2020"
"MS","ARP","2020"
"MO","ARP","2020"
"MT","ARP","2020"
"NV","ARP","2020"
"NH","ARP","2020"
"NJ","ARP","2020"
"NY","ARP","2020"
"NC","ARP","2020"
"ND","ARP","2020"
"OH","ARP","2020"
"PA","ARP","2020"
"RI","ARP","2020"
"SD","ARP","2020"
"TN","ARP","2020"
"UT","ARP","2020"
"VA","ARP","2020"
"WV","ARP","2020"
"WI","ARP","2020"
"WY","ARP","2020"
"OR","ARP","2020"
"ID","ARP","2020"
"AL","CSNOX","2020"
"KY","CSNOX","2020"
"NE","CSNOX","2020"
"KS","CSNOX","2020"
"SC","CSNOX","2020"
"IL","CSNOX","2020"
"MD","CSNOX","2020"
"GA","CSNOX","2020"
"IN","CSNOX","2020"
"NC","CSNOX","2020"
"IA","CSNOX","2020"
"MI","CSNOX","2020"
"MN","CSNOX","2020"
"MO","CSNOX","2020"
"NJ","CSNOX","2020"
"NY","CSNOX","2020"
"OH","CSNOX","2020"
"PA","CSNOX","2020"
"TN","CSNOX","2020"
"VA","CSNOX","2020"
"WV","CSNOX","2020"
"WI","CSNOX","2020"
"GA","CSOSG1","2020"
"AL","CSOSG2","2020"
"TX","CSOSG2","2020"
"LA","CSOSG2","2020"
"KY","CSOSG2","2020"
"KS","CSOSG2","2020"
"OK","CSOSG2","2020"
"AR","CSOSG2","2020"
"IL","CSOSG2","2020"
"MD","CSOSG2","2020"
"IN","CSOSG2","2020"
"IA","CSOSG2","2020"
"MI","CSOSG2","2020"
"MS","CSOSG2","2020"
"MO","CSOSG2","2020"
"NJ","CSOSG2","2020"
"NY","CSOSG2","2020"
"OH","CSOSG2","2020"
"PA","CSOSG2","2020"
"TN","CSOSG2","2020"
"VA","CSOSG2","2020"
"WV","CSOSG2","2020"
"WI","CSOSG2","2020"
"KY","CSSO2G1","2020"
"IL","CSSO2G1","2020"
"MD","CSSO2G1","2020"
"IN","CSSO2G1","2020"
"NC","CSSO2G1","2020"
"IA","CSSO2G1","2020"
"MI","CSSO2G1","2020"
"MO","CSSO2G1","2020"
"NJ","CSSO2G1","2020"
"NY","CSSO2G1","2020"
"OH","CSSO2G1","2020"
"PA","CSSO2G1","2020"
"TN","CSSO2G1","2020"
"VA","CSSO2G1","2020"
"WV","CSSO2G1","2020"
"WI","CSSO2G1","2020"
"AL","CSSO2G2","2020"
"NE","CSSO2G2","2020"
"KS","CSSO2G2","2020"
"SC","CSSO2G2","2020"
"GA","CSSO2G2","2020"
"MN","CSSO2G2","2020"
"TX","TXSO2","2020"
