"programCode","stateCode","year","allocated","totalAllowancesDeducted","carriedOver","stateName"
"AL","ARP",1995,245117,149995,88455,"Alabama"
"AL","ARP",2001,318619,466116,156824,"Alabama"
"AL","ARP",2012,306250,128819,682676,"Alabama"
"AL","ARP",2006,320375,455193,78495,"Alabama"
"AL","ARP",2014,306250,119890,882790,"Alabama"
"AL","ARP",2016,306250,25026,1061930,"Alabama"
"AL","ARP",2011,306250,179250,539534,"Alabama"
"AL","ARP",1997,235396,174823,95595,"Alabama"
"AL","ARP",2018,238635,12021,1425913,"Alabama"
"AL","ARP",2013,306250,106156,802436,"Alabama"
"AL","ARP",2002,318619,448252,109631,"Alabama"
"AL","ARP",1999,235396,179232,166937,"Alabama"
"AL","ARP",2007,320375,447191,87868,"Alabama"
"AL","ARP",2017,238635,10471,1221137,"Alabama"
"AL","ARP",2004,318619,412440,81228,"Alabama"
"AL","ARP",2019,238635,6412,1635687,"Alabama"
"AL","ARP",1998,235396,176497,91638,"Alabama"
"AL","ARP",2015,306250,97763,799994,"Alabama"
"AL","ARP",2003,318619,458623,93459,"Alabama"
"AL","ARP",2005,318619,460079,96085,"Alabama"
"AL","ARP",2008,320375,357545,116583,"Alabama"
"AL","ARP",2000,318619,512078,208618,"Alabama"
"AL","ARP",2010,306250,204192,327323,"Alabama"
"AL","ARP",2009,329225,277972,174394,"Alabama"
"AL","ARP",1996,245117,175877,81754,"Alabama"
"AL","ARP",2020,200809,3281,1548854,"Alabama"
"AR","ARP",2017,92361,47769,371711,"Arkansas"
"AR","ARP",2002,99101,70735,65116,"Arkansas"
"AR","ARP",2018,92361,51772,413601,"Arkansas"
"AR","ARP",2011,94682,73622,179630,"Arkansas"
"AR","ARP",2001,99101,79207,36224,"Arkansas"
"AR","ARP",2014,92361,75896,229402,"Arkansas"
"AR","ARP",2010,94682,67045,162913,"Arkansas"
"AR","ARP",2020,92361,22228,534113,"Arkansas"
"AR","ARP",2013,94682,73258,247493,"Arkansas"
"AR","ARP",2003,99100,73006,80669,"Arkansas"
"AR","ARP",2006,99101,73430,102559,"Arkansas"
"AR","ARP",2000,99101,75058,20781,"Arkansas"
"AR","ARP",2008,99101,73291,134285,"Arkansas"
"AR","ARP",2005,99100,66191,81582,"Arkansas"
"AR","ARP",2004,99100,81484,59487,"Arkansas"
"AR","ARP",2016,92361,46570,332555,"Arkansas"
"AR","ARP",2015,92361,45541,291285,"Arkansas"
"AR","ARP",2012,94682,76277,215958,"Arkansas"
"AR","ARP",2019,92361,39345,457072,"Arkansas"
"AR","ARP",2009,101847,68536,124826,"Arkansas"
"AR","ARP",2007,99101,72246,109490,"Arkansas"
"AZ","ARP",2002,129158,70698,15091,"Arizona"
"AZ","ARP",2013,122323,23689,17497,"Arizona"
"AZ","ARP",2016,122323,13174,27457,"Arizona"
"AZ","ARP",2019,122323,12088,41165,"Arizona"
"AZ","ARP",2018,122323,17062,36227,"Arizona"
"AZ","ARP",2001,129158,73329,5220,"Arizona"
"AZ","ARP",2003,129158,69392,14773,"Arizona"
"AZ","ARP",2015,122323,17820,20362,"Arizona"
"AZ","ARP",2010,122323,36383,10028,"Arizona"
"AZ","ARP",2017,122323,13587,30153,"Arizona"
"AZ","ARP",2000,129158,71556,10509,"Arizona"
"AZ","ARP",2014,122323,22804,18079,"Arizona"
"AZ","ARP",2004,129158,60374,14136,"Arizona"
"AZ","ARP",2011,122323,32423,14794,"Arizona"
"AZ","ARP",2012,122323,20027,15533,"Arizona"
"AZ","ARP",2008,129191,48110,9827,"Arizona"
"AZ","ARP",2020,50327,8223,43669,"Arizona"
"AZ","ARP",2005,129158,52761,14930,"Arizona"
"AZ","ARP",2009,132766,35915,8930,"Arizona"
"AZ","ARP",2007,129191,56484,7428,"Arizona"
"AZ","ARP",2006,129191,49165,4407,"Arizona"
"CA","ARP",2004,79941,192,30772,"California"
"CA","ARP",2003,87987,178,29880,"California"
"CA","ARP",2010,81270,222,147064,"California"
"CA","ARP",2017,51256,151,366297,"California"
"CA","ARP",2016,61714,177,375932,"California"
"CA","ARP",2011,74339,150,195375,"California"
"CA","ARP",2008,90820,261,89434,"California"
"CA","ARP",2014,69621,226,294434,"California"
"CA","ARP",2013,74073,214,258200,"California"
"CA","ARP",2015,61714,226,334887,"California"
"CA","ARP",2020,47456,159,494080,"California"
"CA","ARP",2005,78697,169,16531,"California"
"CA","ARP",2009,92962,315,113914,"California"
"CA","ARP",2018,51256,146,432762,"California"
"CA","ARP",2007,90820,286,49648,"California"
"CA","ARP",2012,74073,222,211674,"California"
"CA","ARP",2001,89145,1886,11780,"California"
"CA","ARP",2019,47456,144,463272,"California"
"CA","ARP",2006,91168,266,68204,"California"
"CA","ARP",2000,89145,375,10681,"California"
"CA","ARP",2002,88989,211,15696,"California"
"CO","ARP",2011,93323,43344,93831,"Colorado"
"CO","ARP",2017,90885,15100,378604,"Colorado"
"CO","ARP",2018,87882,11381,416583,"Colorado"
"CO","ARP",2003,99576,73122,28907,"Colorado"
"CO","ARP",2020,86758,9084,533938,"Colorado"
"CO","ARP",2002,100044,87708,15570,"Colorado"
"CO","ARP",2014,90885,26961,215242,"Colorado"
"CO","ARP",2009,102814,43833,44164,"Colorado"
"CO","ARP",2007,100068,61091,37353,"Colorado"
"CO","ARP",2019,87882,11364,474519,"Colorado"
"CO","ARP",2005,99576,59336,50831,"Colorado"
"CO","ARP",2006,100068,60212,24583,"Colorado"
"CO","ARP",2012,93323,39702,131266,"Colorado"
"CO","ARP",2001,100044,90388,11215,"Colorado"
"CO","ARP",2010,94175,45506,72786,"Colorado"
"CO","ARP",2016,90885,19086,322202,"Colorado"
"CO","ARP",2008,100068,56718,54672,"Colorado"
"CO","ARP",2000,100044,87175,10874,"Colorado"
"CO","ARP",2015,90885,22902,265460,"Colorado"
"CO","ARP",2013,93323,38363,169263,"Colorado"
"CO","ARP",2004,99576,60513,52734,"Colorado"
"CT","ARP",2020,54194,130,587488,"Connecticut"
"CT","ARP",2003,61707,8145,26996,"Connecticut"
"CT","ARP",2004,61707,6107,11932,"Connecticut"
"CT","ARP",2008,64697,3951,124057,"Connecticut"
"CT","ARP",2001,61707,34127,2460,"Connecticut"
"CT","ARP",2012,64811,333,309077,"Connecticut"
"CT","ARP",2019,54194,132,533591,"Connecticut"
"CT","ARP",2006,64697,4871,33762,"Connecticut"
"CT","ARP",2011,64811,751,259520,"Connecticut"
"CT","ARP",2016,54194,361,373369,"Connecticut"
"CT","ARP",2010,64811,1955,221156,"Connecticut"
"CT","ARP",2000,61707,36919,11319,"Connecticut"
"CT","ARP",2005,61707,7523,21190,"Connecticut"
"CT","ARP",2002,61707,10817,3853,"Connecticut"
"CT","ARP",2009,66589,1755,186776,"Connecticut"
"CT","ARP",2013,64811,1108,287308,"Connecticut"
"CT","ARP",2017,54194,421,426696,"Connecticut"
"CT","ARP",2007,64697,4779,67758,"Connecticut"
"CT","ARP",2018,54194,687,479901,"Connecticut"
"CT","ARP",2015,54194,1159,319668,"Connecticut"
"CT","ARP",2014,54194,1478,267708,"Connecticut"
"DC","ARP",2012,1375,22,974,"District Of Columbia"
"DC","ARP",2008,1373,261,1032,"District Of Columbia"
"DC","ARP",2005,1373,834,346,"District Of Columbia"
"DC","ARP",2009,1415,302,779,"District Of Columbia"
"DC","ARP",2002,1373,1087,1320,"District Of Columbia"
"DC","ARP",2001,1373,754,1034,"District Of Columbia"
"DC","ARP",2007,1373,178,0,"District Of Columbia"
"DC","ARP",2004,1373,150,11,"District Of Columbia"
"DC","ARP",2006,1373,310,36,"District Of Columbia"
"DC","ARP",2000,1373,958,415,"District Of Columbia"
"DC","ARP",2011,1375,723,998,"District Of Columbia"
"DC","ARP",2010,1375,874,949,"District Of Columbia"
"DC","ARP",2003,1373,286,10,"District Of Columbia"
"DE","ARP",2001,44232,36075,18473,"Delaware"
"DE","ARP",2020,43569,297,291153,"Delaware"
"DE","ARP",2018,43569,641,234337,"Delaware"
"DE","ARP",2019,43569,279,262754,"Delaware"
"DE","ARP",2014,43569,808,123103,"Delaware"
"DE","ARP",2015,43569,817,150108,"Delaware"
"DE","ARP",2007,44232,32816,1813,"Delaware"
"DE","ARP",2011,43569,9302,51422,"Delaware"
"DE","ARP",2004,44232,34561,2149,"Delaware"
"DE","ARP",2017,43569,546,206282,"Delaware"
"DE","ARP",2010,43569,14490,34145,"Delaware"
"DE","ARP",2002,44232,32238,2650,"Delaware"
"DE","ARP",2000,44232,40289,23742,"Delaware"
"DE","ARP",2008,44232,31810,13174,"Delaware"
"DE","ARP",2013,43569,2205,97506,"Delaware"
"DE","ARP",2009,45487,16536,30206,"Delaware"
"DE","ARP",2012,43569,2673,73240,"Delaware"
"DE","ARP",2003,44232,37372,3538,"Delaware"
"DE","ARP",2006,44232,28761,5319,"Delaware"
"DE","ARP",2005,44232,30581,1677,"Delaware"
"DE","ARP",2016,43569,514,178211,"Delaware"
"FL","ARP",2001,499070,569212,249500,"Florida"
"FL","ARP",2010,440742,138342,1126098,"Florida"
"FL","ARP",2005,419255,415411,208075,"Florida"
"FL","ARP",2015,417671,60474,2436341,"Florida"
"FL","ARP",2020,405371,15257,4385079,"Florida"
"FL","ARP",2011,431541,91381,1406366,"Florida"
"FL","ARP",2002,468280,467065,286658,"Florida"
"FL","ARP",1997,172207,142609,142011,"Florida"
"FL","ARP",2007,462104,317591,442211,"Florida"
"FL","ARP",2004,419562,412150,344791,"Florida"
"FL","ARP",2012,424316,82051,1670276,"Florida"
"FL","ARP",2008,462104,263950,581235,"Florida"
"FL","ARP",1996,192064,135056,110866,"Florida"
"FL","ARP",2003,456380,475327,300676,"Florida"
"FL","ARP",1998,172207,162772,172531,"Florida"
"FL","ARP",1995,192064,130730,60650,"Florida"
"FL","ARP",2000,501104,570061,219009,"Florida"
"FL","ARP",2013,433504,88001,2029259,"Florida"
"FL","ARP",2017,428371,35626,3289604,"Florida"
"FL","ARP",2009,474962,202286,824819,"Florida"
"FL","ARP",2019,405371,17075,3998305,"Florida"
"FL","ARP",2006,462104,323799,356014,"Florida"
"FL","ARP",2016,429528,38621,2909764,"Florida"
"FL","ARP",1999,172207,144605,213391,"Florida"
"FL","ARP",2018,405371,29196,3601319,"Florida"
"FL","ARP",2014,424105,97017,2235428,"Florida"
"GA","ARP",2002,415656,512655,759628,"Georgia"
"GA","ARP",2017,343003,13783,1386464,"Georgia"
"GA","ARP",2010,408744,218824,473051,"Georgia"
"GA","ARP",2015,408744,31778,982825,"Georgia"
"GA","ARP",2016,348475,18343,1172237,"Georgia"
"GA","ARP",2009,421693,262256,306240,"Georgia"
"GA","ARP",1998,711328,433949,914479,"Georgia"
"GA","ARP",2000,415656,518750,927087,"Georgia"
"GA","ARP",1999,711328,409553,1134209,"Georgia"
"GA","ARP",1995,779676,397590,213283,"Georgia"
"GA","ARP",2007,409923,635477,136885,"Georgia"
"GA","ARP",2020,315119,6941,1874211,"Georgia"
"GA","ARP",2003,409928,540717,633203,"Georgia"
"GA","ARP",2012,408744,101030,786277,"Georgia"
"GA","ARP",2014,408744,64429,751497,"Georgia"
"GA","ARP",2001,415656,489625,848984,"Georgia"
"GA","ARP",2011,408744,186848,595217,"Georgia"
"GA","ARP",1996,779259,377005,470948,"Georgia"
"GA","ARP",2005,409928,616169,383163,"Georgia"
"GA","ARP",2013,408744,80924,846949,"Georgia"
"GA","ARP",2008,409923,514542,163368,"Georgia"
"GA","ARP",2019,343003,12347,1894972,"Georgia"
"GA","ARP",2004,409928,547415,552643,"Georgia"
"GA","ARP",2018,343003,13857,1639661,"Georgia"
"GA","ARP",2006,409923,636842,180940,"Georgia"
"GA","ARP",1997,711328,412196,594312,"Georgia"
"IA","ARP",2015,115088,41166,426419,"Iowa"
"IA","ARP",2020,105083,17613,621240,"Iowa"
"IA","ARP",2017,115088,30513,565419,"Iowa"
"IA","ARP",1996,38286,21109,33403,"Iowa"
"IA","ARP",2005,132896,126782,67339,"Iowa"
"IA","ARP",2009,137276,87131,221971,"Iowa"
"IA","ARP",2013,120673,76927,352419,"Iowa"
"IA","ARP",2010,123968,104655,209286,"Iowa"
"IA","ARP",2006,133710,127434,36934,"Iowa"
"IA","ARP",2012,122437,81351,347536,"Iowa"
"IA","ARP",2001,132896,133567,79264,"Iowa"
"IA","ARP",1998,38286,20573,73470,"Iowa"
"IA","ARP",2003,132896,131833,94045,"Iowa"
"IA","ARP",2018,110888,34144,587985,"Iowa"
"IA","ARP",2016,115088,29729,505156,"Iowa"
"IA","ARP",2007,133710,130303,47197,"Iowa"
"IA","ARP",2011,122437,95931,279122,"Iowa"
"IA","ARP",2002,132896,127852,88193,"Iowa"
"IA","ARP",1997,38286,20962,52986,"Iowa"
"IA","ARP",2000,132896,137267,77600,"Iowa"
"IA","ARP",2008,133710,109293,97613,"Iowa"
"IA","ARP",1999,38286,20034,94219,"Iowa"
"IA","ARP",2004,132896,128800,86108,"Iowa"
"IA","ARP",2014,115088,65640,361881,"Iowa"
"IA","ARP",1995,38286,27389,12844,"Iowa"
"IA","ARP",2019,105083,26742,557715,"Iowa"
"ID","ARP",2006,0,2,502,"Idaho"
"ID","ARP",2012,0,3,1020,"Idaho"
"ID","ARP",2015,0,8,1070,"Idaho"
"ID","ARP",2011,0,2,523,"Idaho"
"ID","ARP",2013,0,8,1012,"Idaho"
"ID","ARP",2002,0,2,503,"Idaho"
"ID","ARP",2020,0,9,1024,"Idaho"
"ID","ARP",2017,0,6,1055,"Idaho"
"ID","ARP",2004,0,3,502,"Idaho"
"ID","ARP",2001,0,4,502,"Idaho"
"ID","ARP",2018,0,6,1042,"Idaho"
"ID","ARP",2014,0,5,1078,"Idaho"
"ID","ARP",2010,0,3,500,"Idaho"
"ID","ARP",2003,0,2,503,"Idaho"
"ID","ARP",2019,0,9,1033,"Idaho"
"ID","ARP",2008,0,3,506,"Idaho"
"ID","ARP",2007,0,4,501,"Idaho"
"ID","ARP",2016,0,7,1063,"Idaho"
"ID","ARP",2009,0,3,503,"Idaho"
"ID","ARP",2000,0,2,2,"Idaho"
"ID","ARP",2005,0,3,502,"Idaho"
"IL","ARP",2015,334230,94649,517998,"Illinois"
"IL","ARP",2010,364532,220088,397614,"Illinois"
"IL","ARP",2005,418459,326625,45877,"Illinois"
"IL","ARP",2016,333111,66969,642273,"Illinois"
"IL","ARP",1998,430985,516346,199194,"Illinois"
"IL","ARP",2017,322962,54474,825169,"Illinois"
"IL","ARP",2001,432945,368217,282984,"Illinois"
"IL","ARP",2011,365464,205622,349518,"Illinois"
"IL","ARP",2006,428071,280341,87682,"Illinois"
"IL","ARP",1999,430985,414709,230193,"Illinois"
"IL","ARP",2018,322962,57342,956024,"Illinois"
"IL","ARP",1995,433003,432219,114217,"Illinois"
"IL","ARP",2013,343449,135852,390154,"Illinois"
"IL","ARP",2008,428071,257427,140899,"Illinois"
"IL","ARP",2007,428071,272565,119798,"Illinois"
"IL","ARP",1997,430985,541551,209448,"Illinois"
"IL","ARP",2020,273965,36041,1206376,"Illinois"
"IL","ARP",2002,432945,353694,145490,"Illinois"
"IL","ARP",2004,426363,362896,37274,"Illinois"
"IL","ARP",2012,347051,151598,410757,"Illinois"
"IL","ARP",2019,322962,50111,1122062,"Illinois"
"IL","ARP",2009,438845,229361,202364,"Illinois"
"IL","ARP",1996,439857,502808,223366,"Illinois"
"IL","ARP",2003,432883,365330,46463,"Illinois"
"IL","ARP",2000,437839,429847,255981,"Illinois"
"IL","ARP",2014,334230,122436,418375,"Illinois"
"IN","ARP",2007,597655,715064,63297,"Indiana"
"IN","ARP",2020,421860,37382,2240703,"Indiana"
"IN","ARP",2001,600762,795506,176369,"Indiana"
"IN","ARP",2011,569001,373225,596364,"Indiana"
"IN","ARP",2013,560111,269387,970955,"Indiana"
"IN","ARP",2008,597655,597683,96542,"Indiana"
"IN","ARP",2002,599378,778912,182237,"Indiana"
"IN","ARP",2005,599218,871117,95372,"Indiana"
"IN","ARP",2006,597655,821476,72209,"Indiana"
"IN","ARP",2010,575729,415872,360577,"Indiana"
"IN","ARP",2009,611653,414646,165625,"Indiana"
"IN","ARP",2019,421957,47775,2088271,"Indiana"
"IN","ARP",2000,598014,874620,448087,"Indiana"
"IN","ARP",1998,777167,670634,436293,"Indiana"
"IN","ARP",2018,522430,98197,1931324,"Indiana"
"IN","ARP",2015,558315,166406,1060667,"Indiana"
"IN","ARP",1999,777169,632900,528268,"Indiana"
"IN","ARP",1995,810149,681308,250576,"Indiana"
"IN","ARP",2016,533865,87736,1226543,"Indiana"
"IN","ARP",1997,777447,692015,371883,"Indiana"
"IN","ARP",2003,599378,806214,189451,"Indiana"
"IN","ARP",1996,840919,671237,418604,"Indiana"
"IN","ARP",2014,558315,290684,1125199,"Indiana"
"IN","ARP",2004,599218,863090,129645,"Indiana"
"IN","ARP",2017,518566,84360,1476400,"Indiana"
"IN","ARP",2012,569596,274896,807201,"Indiana"
"KS","ARP",2010,111301,45248,46814,"Kansas"
"KS","ARP",2011,111301,39589,112922,"Kansas"
"KS","ARP",2013,111288,30021,155700,"Kansas"
"KS","ARP",2016,111272,7132,236555,"Kansas"
"KS","ARP",2003,124447,141018,36137,"Kansas"
"KS","ARP",2005,124447,136465,24643,"Kansas"
"KS","ARP",1998,27598,9304,9415,"Kansas"
"KS","ARP",2018,111272,5444,315381,"Kansas"
"KS","ARP",2019,108777,4858,347464,"Kansas"
"KS","ARP",2006,124449,111226,29105,"Kansas"
"KS","ARP",2015,111288,13848,204532,"Kansas"
"KS","ARP",2007,124448,115772,35161,"Kansas"
"KS","ARP",1996,27598,9169,4967,"Kansas"
"KS","ARP",2020,104660,4123,291026,"Kansas"
"KS","ARP",2001,124447,120307,25507,"Kansas"
"KS","ARP",2009,125758,51563,31007,"Kansas"
"KS","ARP",1995,27598,29049,7595,"Kansas"
"KS","ARP",1997,27598,10979,2866,"Kansas"
"KS","ARP",2004,124447,123891,24534,"Kansas"
"KS","ARP",2012,111301,32936,130098,"Kansas"
"KS","ARP",1999,27598,13317,5798,"Kansas"
"KS","ARP",2017,111272,5554,290332,"Kansas"
"KS","ARP",2014,111288,31534,172849,"Kansas"
"KS","ARP",2008,124448,95901,59939,"Kansas"
"KS","ARP",2002,124447,129762,34871,"Kansas"
"KS","ARP",2000,124447,116285,15538,"Kansas"
"KY","ARP",2010,365764,271507,411029,"Kentucky"
"KY","ARP",1996,467498,318615,292007,"Kentucky"
"KY","ARP",2003,380670,529929,234048,"Kentucky"
"KY","ARP",2016,358851,76419,1067702,"Kentucky"
"KY","ARP",1995,466915,334721,186351,"Kentucky"
"KY","ARP",2020,344043,37976,1933387,"Kentucky"
"KY","ARP",2013,365764,188114,790988,"Kentucky"
"KY","ARP",2017,355758,57116,1307684,"Kentucky"
"KY","ARP",2015,364843,131697,855190,"Kentucky"
"KY","ARP",1999,315265,321370,474614,"Kentucky"
"KY","ARP",1998,315311,291848,408369,"Kentucky"
"KY","ARP",2011,365764,246393,590978,"Kentucky"
"KY","ARP",2007,380709,379833,211281,"Kentucky"
"KY","ARP",2005,380670,500229,195910,"Kentucky"
"KY","ARP",2001,381584,535447,302785,"Kentucky"
"KY","ARP",2008,380709,342076,195654,"Kentucky"
"KY","ARP",2006,380463,427575,224925,"Kentucky"
"KY","ARP",2009,390458,251928,255317,"Kentucky"
"KY","ARP",2019,355758,49941,1771426,"Kentucky"
"KY","ARP",2004,380670,513355,185821,"Kentucky"
"KY","ARP",2014,365089,202040,785730,"Kentucky"
"KY","ARP",2018,355758,55158,1556177,"Kentucky"
"KY","ARP",2002,381584,482721,279492,"Kentucky"
"KY","ARP",2000,381584,584918,386678,"Kentucky"
"KY","ARP",1997,315246,341535,383559,"Kentucky"
"KY","ARP",2012,365764,186177,676249,"Kentucky"
"LA","ARP",2003,120641,104906,86388,"Louisiana"
"LA","ARP",2016,116452,43337,318098,"Louisiana"
"LA","ARP",2001,120641,112800,36667,"Louisiana"
"LA","ARP",2018,114724,38182,380293,"Louisiana"
"LA","ARP",2002,120641,101884,64066,"Louisiana"
"LA","ARP",2009,123964,70386,239095,"Louisiana"
"LA","ARP",2007,120815,78052,145758,"Louisiana"
"LA","ARP",2019,114724,23686,424991,"Louisiana"
"LA","ARP",2006,120815,97057,110285,"Louisiana"
"LA","ARP",2000,120769,110401,19217,"Louisiana"
"LA","ARP",2008,120806,76297,189465,"Louisiana"
"LA","ARP",2011,116457,86987,241647,"Louisiana"
"LA","ARP",2013,116457,73297,281133,"Louisiana"
"LA","ARP",2004,120641,110108,89398,"Louisiana"
"LA","ARP",2017,114860,39701,341406,"Louisiana"
"LA","ARP",2010,116457,98507,239321,"Louisiana"
"LA","ARP",2015,116457,53539,276547,"Louisiana"
"LA","ARP",2014,116457,68155,293176,"Louisiana"
"LA","ARP",2020,114724,11698,478025,"Louisiana"
"LA","ARP",2012,116457,79148,275987,"Louisiana"
"LA","ARP",2005,120641,103702,84807,"Louisiana"
"MA","ARP",2011,140621,22700,125747,"Massachusetts"
"MA","ARP",2015,73110,2718,365361,"Massachusetts"
"MA","ARP",2006,162427,50984,32427,"Massachusetts"
"MA","ARP",2001,158928,102938,23062,"Massachusetts"
"MA","ARP",1999,41631,29841,8130,"Massachusetts"
"MA","ARP",2016,110424,1719,435140,"Massachusetts"
"MA","ARP",2008,149945,46349,54237,"Massachusetts"
"MA","ARP",2009,154222,35184,60848,"Massachusetts"
"MA","ARP",2013,140621,10839,267822,"Massachusetts"
"MA","ARP",2003,152604,85653,40634,"Massachusetts"
"MA","ARP",2010,147384,36894,106957,"Massachusetts"
"MA","ARP",1998,26546,19797,25099,"Massachusetts"
"MA","ARP",1995,113733,120894,14554,"Massachusetts"
"MA","ARP",2002,158928,90726,37122,"Massachusetts"
"MA","ARP",2005,152604,81864,20927,"Massachusetts"
"MA","ARP",2000,160398,112039,22769,"Massachusetts"
"MA","ARP",2004,152604,79892,20128,"Massachusetts"
"MA","ARP",2012,140621,11077,167086,"Massachusetts"
"MA","ARP",1996,25793,18991,9323,"Massachusetts"
"MA","ARP",2014,140329,4669,321933,"Massachusetts"
"MA","ARP",2017,110424,1082,500145,"Massachusetts"
"MA","ARP",2018,62723,743,512496,"Massachusetts"
"MA","ARP",2019,62723,195,574819,"Massachusetts"
"MA","ARP",2020,62723,62,637480,"Massachusetts"
"MA","ARP",1997,26546,20388,18350,"Massachusetts"
"MA","ARP",2007,162427,53862,23777,"Massachusetts"
"MD","ARP",2011,136998,30539,111255,"Maryland"
"MD","ARP",2001,145262,254484,22093,"Maryland"
"MD","ARP",1999,148381,162727,115580,"Maryland"
"MD","ARP",2016,134445,15823,403590,"Maryland"
"MD","ARP",1995,170061,126476,56666,"Maryland"
"MD","ARP",2019,124573,4621,730083,"Maryland"
"MD","ARP",1998,148381,163598,99665,"Maryland"
"MD","ARP",2006,145449,276270,7188,"Maryland"
"MD","ARP",2014,134445,22279,229258,"Maryland"
"MD","ARP",2000,146326,252831,65569,"Maryland"
"MD","ARP",2008,145449,227198,8488,"Maryland"
"MD","ARP",2009,149392,198253,10233,"Maryland"
"MD","ARP",2015,134445,19389,300795,"Maryland"
"MD","ARP",1997,149900,148997,80027,"Maryland"
"MD","ARP",2017,132978,7050,529184,"Maryland"
"MD","ARP",2010,136998,28670,68043,"Maryland"
"MD","ARP",2012,136998,21632,203372,"Maryland"
"MD","ARP",2013,134445,23837,259812,"Maryland"
"MD","ARP",2018,132978,10179,651631,"Maryland"
"MD","ARP",2003,145262,268979,2518,"Maryland"
"MD","ARP",2005,144441,281752,7234,"Maryland"
"MD","ARP",2020,122686,2348,850411,"Maryland"
"MD","ARP",2002,145262,255360,1576,"Maryland"
"MD","ARP",1996,170061,144912,72091,"Maryland"
"MD","ARP",2004,144441,281684,24244,"Maryland"
"MD","ARP",2007,145449,272880,4846,"Maryland"
"ME","ARP",2007,11540,1671,1565,"Maine"
"ME","ARP",2019,9993,50,22921,"Maine"
"ME","ARP",2004,11544,3247,1186,"Maine"
"ME","ARP",2016,9993,368,6079,"Maine"
"ME","ARP",2006,11540,323,2260,"Maine"
"ME","ARP",2009,11833,961,824,"Maine"
"ME","ARP",2018,9993,643,16978,"Maine"
"ME","ARP",2020,9993,53,28861,"Maine"
"ME","ARP",2012,9993,343,1447,"Maine"
"ME","ARP",2002,11544,2023,17359,"Maine"
"ME","ARP",2015,9993,1763,454,"Maine"
"ME","ARP",2005,11540,3888,497,"Maine"
"ME","ARP",2001,11544,6818,7879,"Maine"
"ME","ARP",2000,11544,10594,3101,"Maine"
"ME","ARP",2014,9993,856,736,"Maine"
"ME","ARP",2017,9993,444,11628,"Maine"
"ME","ARP",2003,11544,4796,1025,"Maine"
"ME","ARP",2010,9993,822,913,"Maine"
"ME","ARP",2011,9993,471,962,"Maine"
"ME","ARP",2013,9993,876,1082,"Maine"
"ME","ARP",2008,11540,1043,1529,"Maine"
"MI","ARP",2016,338831,82589,691775,"Michigan"
"MI","ARP",2001,373100,347070,228499,"Michigan"
"MI","ARP",2014,340258,151503,432944,"Michigan"
"MI","ARP",2019,303943,49650,1132329,"Michigan"
"MI","ARP",2012,342432,193632,483434,"Michigan"
"MI","ARP",1997,94727,86590,12664,"Michigan"
"MI","ARP",2018,304445,64480,950409,"Michigan"
"MI","ARP",2006,371744,330267,87933,"Michigan"
"MI","ARP",2010,343614,242194,405149,"Michigan"
"MI","ARP",2005,371704,345510,92957,"Michigan"
"MI","ARP",2000,373056,369836,200139,"Michigan"
"MI","ARP",2013,342432,193294,491886,"Michigan"
"MI","ARP",2015,338831,131410,488553,"Michigan"
"MI","ARP",2017,307309,63910,785674,"Michigan"
"MI","ARP",2008,371744,326535,175889,"Michigan"
"MI","ARP",1996,93706,82749,13520,"Michigan"
"MI","ARP",2002,371704,342996,199357,"Michigan"
"MI","ARP",2011,343614,221475,514610,"Michigan"
"MI","ARP",2007,371744,338013,126225,"Michigan"
"MI","ARP",2020,288496,33547,1321791,"Michigan"
"MI","ARP",2004,371704,334833,122646,"Michigan"
"MI","ARP",1998,57708,35874,6037,"Michigan"
"MI","ARP",1999,53404,57922,5802,"Michigan"
"MI","ARP",2003,371704,350815,73417,"Michigan"
"MI","ARP",1995,56875,29501,17015,"Michigan"
"MI","ARP",2009,376549,272631,249437,"Michigan"
"MN","ARP",1997,14517,12980,36348,"Minnesota"
"MN","ARP",2007,123543,81969,198336,"Minnesota"
"MN","ARP",2002,117946,101287,85515,"Minnesota"
"MN","ARP",2010,97119,41575,369875,"Minnesota"
"MN","ARP",2008,123543,71925,248475,"Minnesota"
"MN","ARP",2006,107456,90713,159643,"Minnesota"
"MN","ARP",2017,92926,12072,818184,"Minnesota"
"MN","ARP",1996,30679,13924,34736,"Minnesota"
"MN","ARP",2018,91858,15110,869150,"Minnesota"
"MN","ARP",2011,97119,36619,435192,"Minnesota"
"MN","ARP",2020,91858,5796,997618,"Minnesota"
"MN","ARP",1999,14517,14238,34944,"Minnesota"
"MN","ARP",2015,83127,18451,709092,"Minnesota"
"MN","ARP",2016,93981,15686,760041,"Minnesota"
"MN","ARP",2001,117946,92015,72063,"Minnesota"
"MN","ARP",1998,14517,13002,37863,"Minnesota"
"MN","ARP",2019,91858,8366,938296,"Minnesota"
"MN","ARP",2012,97119,25286,508625,"Minnesota"
"MN","ARP",2013,97119,24363,584370,"Minnesota"
"MN","ARP",2000,123543,93074,59901,"Minnesota"
"MN","ARP",1995,30604,12503,18086,"Minnesota"
"MN","ARP",2004,117946,104868,103272,"Minnesota"
"MN","ARP",2009,125409,49807,310673,"Minnesota"
"MN","ARP",2014,95024,27461,657881,"Minnesota"
"MN","ARP",2005,117946,101257,127007,"Minnesota"
"MN","ARP",2003,117946,111502,90033,"Minnesota"
"MO","ARP",1997,446510,248222,301230,"Missouri"
"MO","ARP",2000,287192,222725,147922,"Missouri"
"MO","ARP",2010,266762,236208,285209,"Missouri"
"MO","ARP",2017,261296,105986,956405,"Missouri"
"MO","ARP",2015,252397,113696,658049,"Missouri"
"MO","ARP",1996,469123,302798,222287,"Missouri"
"MO","ARP",2007,287192,255202,56604,"Missouri"
"MO","ARP",1998,446510,237491,126273,"Missouri"
"MO","ARP",1999,446510,208190,208292,"Missouri"
"MO","ARP",2020,241398,91917,1305846,"Missouri"
"MO","ARP",2009,295062,240202,122504,"Missouri"
"MO","ARP",2016,261296,99441,811371,"Missouri"
"MO","ARP",2008,287192,258268,97438,"Missouri"
"MO","ARP",2014,258384,133218,644412,"Missouri"
"MO","ARP",2011,266762,195948,398947,"Missouri"
"MO","ARP",2013,266734,141416,624126,"Missouri"
"MO","ARP",2006,270717,260722,71537,"Missouri"
"MO","ARP",2005,274419,271683,81509,"Missouri"
"MO","ARP",2001,274419,231561,118376,"Missouri"
"MO","ARP",2003,274419,257031,116925,"Missouri"
"MO","ARP",2018,261296,102581,1104495,"Missouri"
"MO","ARP",2019,241398,88883,1199960,"Missouri"
"MO","ARP",2004,274419,269298,89204,"Missouri"
"MO","ARP",2002,274419,235533,104961,"Missouri"
"MO","ARP",1995,783529,326047,98198,"Missouri"
"MO","ARP",2012,266762,138803,549388,"Missouri"
"MS","ARP",2020,55144,2627,355217,"Mississippi"
"MS","ARP",1998,62746,67320,25777,"Mississippi"
"MS","ARP",2015,65565,26044,247258,"Mississippi"
"MS","ARP",2010,65637,54696,150754,"Mississippi"
"MS","ARP",1997,62746,51627,20079,"Mississippi"
"MS","ARP",2003,66937,80793,19347,"Mississippi"
"MS","ARP",2000,66937,129914,26417,"Mississippi"
"MS","ARP",2011,65637,43214,159139,"Mississippi"
"MS","ARP",2013,65565,77485,180444,"Mississippi"
"MS","ARP",2005,66937,74092,17536,"Mississippi"
"MS","ARP",1999,62746,53804,37360,"Mississippi"
"MS","ARP",2002,66937,67071,42480,"Mississippi"
"MS","ARP",2007,66937,69796,37728,"Mississippi"
"MS","ARP",2017,65401,2568,334707,"Mississippi"
"MS","ARP",2008,66937,65316,48811,"Mississippi"
"MS","ARP",2006,66937,77974,21534,"Mississippi"
"MS","ARP",2009,68818,40163,102714,"Mississippi"
"MS","ARP",2016,65565,3180,277621,"Mississippi"
"MS","ARP",2012,65637,37212,187169,"Mississippi"
"MS","ARP",2001,66937,138361,34520,"Mississippi"
"MS","ARP",1995,62746,81428,18156,"Mississippi"
"MS","ARP",2019,55330,3143,314843,"Mississippi"
"MS","ARP",2018,65401,3186,406538,"Mississippi"
"MS","ARP",2014,65565,90717,183727,"Mississippi"
"MS","ARP",1996,62746,81287,11254,"Mississippi"
"MS","ARP",2004,66937,85348,12477,"Mississippi"
"MT","ARP",2004,29557,20349,3767,"Montana"
"MT","ARP",2010,27609,19895,13937,"Montana"
"MT","ARP",2020,22725,3571,24759,"Montana"
"MT","ARP",2011,27609,15787,17549,"Montana"
"MT","ARP",2000,29557,20248,904,"Montana"
"MT","ARP",2015,27609,11070,32597,"Montana"
"MT","ARP",2001,29557,24403,683,"Montana"
"MT","ARP",2018,22725,8260,19529,"Montana"
"MT","ARP",2013,27609,16215,27282,"Montana"
"MT","ARP",2003,29557,20402,2815,"Montana"
"MT","ARP",2016,22725,8971,16454,"Montana"
"MT","ARP",2009,30369,20239,11009,"Montana"
"MT","ARP",2007,29557,22028,7871,"Montana"
"MT","ARP",2002,29557,20650,1780,"Montana"
"MT","ARP",2006,29557,19288,7633,"Montana"
"MT","ARP",2008,29557,19509,9817,"Montana"
"MT","ARP",2005,29557,19222,5878,"Montana"
"MT","ARP",2019,22725,9124,20878,"Montana"
"MT","ARP",2017,22725,9221,17968,"Montana"
"MT","ARP",2014,27609,13859,31997,"Montana"
"MT","ARP",2012,27609,12598,24252,"Montana"
"NC","ARP",2012,267011,53540,708443,"North Carolina"
"NC","ARP",2010,267011,116626,391036,"North Carolina"
"NC","ARP",2015,120317,27414,893494,"North Carolina"
"NC","ARP",2014,255154,36510,923926,"North Carolina"
"NC","ARP",2013,259278,42253,876255,"North Carolina"
"NC","ARP",2005,318553,500940,99728,"North Carolina"
"NC","ARP",2000,729488,453442,26737,"North Carolina"
"NC","ARP",2016,232351,23152,1017036,"North Carolina"
"NC","ARP",2001,318553,450493,33896,"North Carolina"
"NC","ARP",2018,253611,15780,1480663,"North Carolina"
"NC","ARP",2006,319751,462148,103498,"North Carolina"
"NC","ARP",2007,319751,370813,123538,"North Carolina"
"NC","ARP",2011,267011,73500,543083,"North Carolina"
"NC","ARP",2019,253150,16440,1256916,"North Carolina"
"NC","ARP",2008,319751,227029,120652,"North Carolina"
"NC","ARP",2009,327509,110952,225725,"North Carolina"
"NC","ARP",2002,318553,463000,36363,"North Carolina"
"NC","ARP",2004,318553,471858,115370,"North Carolina"
"NC","ARP",2017,241658,16217,1242615,"North Carolina"
"NC","ARP",2020,253671,9820,1241001,"North Carolina"
"NC","ARP",2003,318553,462047,53114,"North Carolina"
"ND","ARP",2014,160363,51239,395729,"North Dakota"
"ND","ARP",2019,151566,32931,872486,"North Dakota"
"ND","ARP",2013,160363,55203,266299,"North Dakota"
"ND","ARP",2015,160363,46017,503287,"North Dakota"
"ND","ARP",2005,160082,137374,25008,"North Dakota"
"ND","ARP",2009,164778,129364,53555,"North Dakota"
"ND","ARP",2008,160082,132567,47772,"North Dakota"
"ND","ARP",2001,160082,154933,25347,"North Dakota"
"ND","ARP",2006,160082,128881,33245,"North Dakota"
"ND","ARP",2007,160082,136263,48892,"North Dakota"
"ND","ARP",2020,151566,34382,970318,"North Dakota"
"ND","ARP",2000,160082,149808,37036,"North Dakota"
"ND","ARP",2012,160363,85610,177709,"North Dakota"
"ND","ARP",2016,160363,46445,605617,"North Dakota"
"ND","ARP",2017,160363,39958,666978,"North Dakota"
"ND","ARP",2004,160082,148728,25485,"North Dakota"
"ND","ARP",2011,160363,91495,113502,"North Dakota"
"ND","ARP",2010,160363,124098,54223,"North Dakota"
"ND","ARP",2002,160082,140536,23199,"North Dakota"
"ND","ARP",2003,160082,139822,26326,"North Dakota"
"ND","ARP",2018,151566,39557,768114,"North Dakota"
"NE","ARP",2008,71331,75706,29227,"Nebraska"
"NE","ARP",2000,71331,60234,12846,"Nebraska"
"NE","ARP",2005,71331,73749,43647,"Nebraska"
"NE","ARP",2020,58617,39536,95684,"Nebraska"
"NE","ARP",2013,58617,65823,56364,"Nebraska"
"NE","ARP",2006,71331,71224,26800,"Nebraska"
"NE","ARP",2002,71331,67343,31583,"Nebraska"
"NE","ARP",2014,58617,61051,58391,"Nebraska"
"NE","ARP",2003,71331,67721,44137,"Nebraska"
"NE","ARP",2010,58617,64184,53215,"Nebraska"
"NE","ARP",2016,58617,50919,48800,"Nebraska"
"NE","ARP",2009,73047,75490,44865,"Nebraska"
"NE","ARP",2019,58617,45067,78651,"Nebraska"
"NE","ARP",2012,58617,62387,49976,"Nebraska"
"NE","ARP",2011,58617,70969,43553,"Nebraska"
"NE","ARP",2018,58617,58923,65905,"Nebraska"
"NE","ARP",2015,58617,63990,36820,"Nebraska"
"NE","ARP",2004,71331,74221,42705,"Nebraska"
"NE","ARP",2001,71331,70251,24650,"Nebraska"
"NE","ARP",2017,58617,50270,64626,"Nebraska"
"NE","ARP",2007,71331,69006,35522,"Nebraska"
"NH","ARP",2020,28110,153,70879,"New Hampshire"
"NH","ARP",2005,29807,51400,3204,"New Hampshire"
"NH","ARP",2011,28550,24444,4612,"New Hampshire"
"NH","ARP",1995,57087,52900,11765,"New Hampshire"
"NH","ARP",2000,30247,51327,23044,"New Hampshire"
"NH","ARP",2018,28550,1200,53156,"New Hampshire"
"NH","ARP",2014,28550,2637,20510,"New Hampshire"
"NH","ARP",2019,28550,418,62348,"New Hampshire"
"NH","ARP",1996,51470,50081,14554,"New Hampshire"
"NH","ARP",1998,31343,34920,584,"New Hampshire"
"NH","ARP",2015,22933,1816,27731,"New Hampshire"
"NH","ARP",2002,29807,43946,11120,"New Hampshire"
"NH","ARP",2009,30644,33371,5372,"New Hampshire"
"NH","ARP",2008,29807,36895,664,"New Hampshire"
"NH","ARP",2016,28550,575,35840,"New Hampshire"
"NH","ARP",1999,31343,34799,700,"New Hampshire"
"NH","ARP",2017,28550,473,44499,"New Hampshire"
"NH","ARP",2010,28550,36835,4054,"New Hampshire"
"NH","ARP",2006,29807,40293,460,"New Hampshire"
"NH","ARP",2003,29807,54676,1012,"New Hampshire"
"NH","ARP",2004,29807,53990,4525,"New Hampshire"
"NH","ARP",1997,31343,39653,1661,"New Hampshire"
"NH","ARP",2007,29807,42520,941,"New Hampshire"
"NH","ARP",2012,28550,1854,11442,"New Hampshire"
"NH","ARP",2001,29807,48127,4790,"New Hampshire"
"NH","ARP",2013,28550,3167,14363,"New Hampshire"
"NJ","ARP",2014,61034,699,47570,"New Jersey"
"NJ","ARP",2003,56268,50692,4593,"New Jersey"
"NJ","ARP",1999,23708,15301,7789,"New Jersey"
"NJ","ARP",2006,62243,46051,1128,"New Jersey"
"NJ","ARP",2016,55168,222,77681,"New Jersey"
"NJ","ARP",2019,24138,79,97814,"New Jersey"
"NJ","ARP",2009,63984,10867,36519,"New Jersey"
"NJ","ARP",2005,54492,54051,5177,"New Jersey"
"NJ","ARP",2000,56829,60047,9793,"New Jersey"
"NJ","ARP",1995,32722,21720,422,"New Jersey"
"NJ","ARP",1997,23708,17272,2962,"New Jersey"
"NJ","ARP",2017,55168,101,91446,"New Jersey"
"NJ","ARP",2007,62243,34184,18102,"New Jersey"
"NJ","ARP",1996,32722,20320,7336,"New Jersey"
"NJ","ARP",1998,23708,16778,3635,"New Jersey"
"NJ","ARP",2015,55168,456,61932,"New Jersey"
"NJ","ARP",2001,56268,50270,4237,"New Jersey"
"NJ","ARP",2004,55376,49988,6227,"New Jersey"
"NJ","ARP",2012,61034,1397,35125,"New Jersey"
"NJ","ARP",2018,24138,94,92384,"New Jersey"
"NJ","ARP",2010,61034,13004,39700,"New Jersey"
"NJ","ARP",2011,61034,2882,24615,"New Jersey"
"NJ","ARP",2002,56268,48270,4713,"New Jersey"
"NJ","ARP",2013,61034,947,34685,"New Jersey"
"NJ","ARP",2008,62243,21198,33861,"New Jersey"
"NJ","ARP",2020,12957,53,109621,"New Jersey"
"NM","ARP",2006,80784,31160,51636,"New Mexico"
"NM","ARP",2005,80784,30528,43586,"New Mexico"
"NM","ARP",2015,75005,13357,185782,"New Mexico"
"NM","ARP",2004,80784,38363,50241,"New Mexico"
"NM","ARP",2018,75005,3659,275848,"New Mexico"
"NM","ARP",2007,80784,26668,54390,"New Mexico"
"NM","ARP",2009,82952,19300,54777,"New Mexico"
"NM","ARP",2000,80784,68616,18496,"New Mexico"
"NM","ARP",2016,75005,8275,199589,"New Mexico"
"NM","ARP",2014,75005,13777,146193,"New Mexico"
"NM","ARP",2013,75005,19719,112194,"New Mexico"
"NM","ARP",2019,75005,4173,305716,"New Mexico"
"NM","ARP",2003,80784,50840,46112,"New Mexico"
"NM","ARP",2011,75005,17821,61686,"New Mexico"
"NM","ARP",2010,75005,16571,35628,"New Mexico"
"NM","ARP",2008,80784,22242,62429,"New Mexico"
"NM","ARP",2017,75005,9045,229517,"New Mexico"
"NM","ARP",2020,75005,3141,336601,"New Mexico"
"NM","ARP",2001,80784,62198,32150,"New Mexico"
"NM","ARP",2012,75005,17165,85310,"New Mexico"
"NM","ARP",2002,80784,50818,38967,"New Mexico"
"NV","ARP",2005,75436,53344,68427,"Nevada"
"NV","ARP",2015,20414,5341,105788,"Nevada"
"NV","ARP",2016,20414,2686,118846,"Nevada"
"NV","ARP",2009,77570,7910,61858,"Nevada"
"NV","ARP",2006,75125,9239,104007,"Nevada"
"NV","ARP",2007,75125,8551,42170,"Nevada"
"NV","ARP",2001,75436,54705,27871,"Nevada"
"NV","ARP",2008,75436,9338,62239,"Nevada"
"NV","ARP",2019,12094,4784,71982,"Nevada"
"NV","ARP",2018,12094,3346,68677,"Nevada"
"NV","ARP",2020,12094,2089,76763,"Nevada"
"NV","ARP",2014,20414,10608,93546,"Nevada"
"NV","ARP",2000,75436,53204,15926,"Nevada"
"NV","ARP",2013,20414,7736,87206,"Nevada"
"NV","ARP",2003,75436,49719,50205,"Nevada"
"NV","ARP",2011,20466,5270,80030,"Nevada"
"NV","ARP",2002,75436,49240,40809,"Nevada"
"NV","ARP",2010,72690,7889,72389,"Nevada"
"NV","ARP",2004,75436,54566,57715,"Nevada"
"NV","ARP",2017,20414,1957,132536,"Nevada"
"NV","ARP",2012,20414,4689,89248,"Nevada"
"NY","ARP",2015,217391,8470,983546,"New York"
"NY","ARP",2004,267223,228265,22417,"New York"
"NY","ARP",2003,267223,253801,71567,"New York"
"NY","ARP",2016,220097,4321,1176126,"New York"
"NY","ARP",2019,198403,1951,1545164,"New York"
"NY","ARP",1995,233202,99062,81729,"New York"
"NY","ARP",1999,152523,75698,111509,"New York"
"NY","ARP",2017,220097,2548,1369191,"New York"
"NY","ARP",1998,205777,111702,265592,"New York"
"NY","ARP",2005,267223,177345,20272,"New York"
"NY","ARP",2013,224965,15100,695650,"New York"
"NY","ARP",2002,267223,231989,120370,"New York"
"NY","ARP",2009,252318,43613,248226,"New York"
"NY","ARP",2010,233730,46796,373110,"New York"
"NY","ARP",2014,224965,16091,808146,"New York"
"NY","ARP",2012,227280,15425,590928,"New York"
"NY","ARP",2007,267906,107212,72039,"New York"
"NY","ARP",2001,267223,250926,139155,"New York"
"NY","ARP",2011,227280,38581,456358,"New York"
"NY","ARP",2018,220097,4846,1559689,"New York"
"NY","ARP",2020,198403,883,1715747,"New York"
"NY","ARP",2008,261854,65428,161293,"New York"
"NY","ARP",2000,267223,283703,126641,"New York"
"NY","ARP",2006,267906,108683,65458,"New York"
"NY","ARP",1996,206258,77027,149858,"New York"
"NY","ARP",1997,216566,86408,153349,"New York"
"OH","ARP",2015,565846,177244,1143717,"Ohio"
"OH","ARP",2016,470267,94480,957674,"Ohio"
"OH","ARP",2001,636758,1125518,106602,"Ohio"
"OH","ARP",2004,628557,1091523,112789,"Ohio"
"OH","ARP",1996,1580434,1182407,381201,"Ohio"
"OH","ARP",1995,1594958,910992,393703,"Ohio"
"OH","ARP",2002,636758,1132067,74630,"Ohio"
"OH","ARP",2019,376977,68889,1355258,"Ohio"
"OH","ARP",1998,1265629,1126089,434579,"Ohio"
"OH","ARP",2018,470267,86553,1452622,"Ohio"
"OH","ARP",2013,589471,282140,1019787,"Ohio"
"OH","ARP",2008,650138,709451,67377,"Ohio"
"OH","ARP",2020,376977,74030,1550225,"Ohio"
"OH","ARP",2017,470267,90743,1426209,"Ohio"
"OH","ARP",2007,650138,954649,62770,"Ohio"
"OH","ARP",2009,668303,600690,94322,"Ohio"
"OH","ARP",2012,611469,323956,886434,"Ohio"
"OH","ARP",2005,628557,1085482,53779,"Ohio"
"OH","ARP",1997,1275426,1184641,311594,"Ohio"
"OH","ARP",1999,1265629,1030758,330951,"Ohio"
"OH","ARP",2006,650138,962291,31324,"Ohio"
"OH","ARP",2011,611469,575465,875600,"Ohio"
"OH","ARP",2010,630999,572128,410749,"Ohio"
"OH","ARP",2000,636758,1209459,135644,"Ohio"
"OH","ARP",2003,628557,1175905,74201,"Ohio"
"OH","ARP",2014,589471,290349,1185398,"Ohio"
"OK","ARP",2014,122588,72856,296494,"Oklahoma"
"OK","ARP",2009,131200,95313,111057,"Oklahoma"
"OK","ARP",2013,122588,74631,247708,"Oklahoma"
"OK","ARP",2008,127743,101320,143064,"Oklahoma"
"OK","ARP",2004,126445,100097,74877,"Oklahoma"
"OK","ARP",2020,122588,7361,836585,"Oklahoma"
"OK","ARP",2011,122588,92354,154498,"Oklahoma"
"OK","ARP",2010,122588,85138,124888,"Oklahoma"
"OK","ARP",2015,122588,61973,358126,"Oklahoma"
"OK","ARP",2018,122588,30852,606658,"Oklahoma"
"OK","ARP",2005,126445,103984,74489,"Oklahoma"
"OK","ARP",2016,122588,49484,432381,"Oklahoma"
"OK","ARP",2012,122588,77129,199894,"Oklahoma"
"OK","ARP",2000,128187,93416,32422,"Oklahoma"
"OK","ARP",2006,128187,106095,94034,"Oklahoma"
"OK","ARP",2003,126445,109807,60234,"Oklahoma"
"OK","ARP",2017,122588,42081,514062,"Oklahoma"
"OK","ARP",2019,122588,8720,721463,"Oklahoma"
"OK","ARP",2002,126445,106319,72110,"Oklahoma"
"OK","ARP",2007,127743,100111,117413,"Oklahoma"
"OK","ARP",2001,126445,101450,59133,"Oklahoma"
"OR","ARP",2006,13377,8724,37,"Oregon"
"OR","ARP",2009,13770,11113,77,"Oregon"
"OR","ARP",2005,13377,12044,31,"Oregon"
"OR","ARP",2013,13401,14005,1293,"Oregon"
"OR","ARP",2012,13401,11499,1307,"Oregon"
"OR","ARP",2017,13401,3324,1954,"Oregon"
"OR","ARP",2001,13377,17836,4,"Oregon"
"OR","ARP",2015,13401,4619,5281,"Oregon"
"OR","ARP",2018,13401,2361,4511,"Oregon"
"OR","ARP",2007,13377,14066,42,"Oregon"
"OR","ARP",2003,13377,13141,23,"Oregon"
"OR","ARP",2019,13401,3982,4668,"Oregon"
"OR","ARP",2014,13401,7475,3293,"Oregon"
"OR","ARP",2010,13401,15696,465,"Oregon"
"OR","ARP",2002,13377,12280,13,"Oregon"
"OR","ARP",2011,13401,13130,677,"Oregon"
"OR","ARP",2008,13377,11376,51,"Oregon"
"OR","ARP",2016,13401,3713,3871,"Oregon"
"OR","ARP",2000,13377,14386,7,"Oregon"
"OR","ARP",2020,13401,2632,4089,"Oregon"
"OR","ARP",2004,13377,12413,30,"Oregon"
"PA","ARP",2010,521810,392852,235756,"Pennsylvania"
"PA","ARP",2013,505008,242744,367010,"Pennsylvania"
"PA","ARP",2008,528356,831861,36710,"Pennsylvania"
"PA","ARP",2015,423907,196922,273523,"Pennsylvania"
"PA","ARP",2005,518431,985511,18032,"Pennsylvania"
"PA","ARP",1995,688356,529559,130832,"Pennsylvania"
"PA","ARP",2007,528356,951189,33664,"Pennsylvania"
"PA","ARP",2020,423907,32322,1212628,"Pennsylvania"
"PA","ARP",1999,620296,419288,113961,"Pennsylvania"
"PA","ARP",2019,423907,49975,1004389,"Pennsylvania"
"PA","ARP",2011,522793,314039,388203,"Pennsylvania"
"PA","ARP",2001,536422,944912,74587,"Pennsylvania"
"PA","ARP",2003,526905,967184,46915,"Pennsylvania"
"PA","ARP",1998,620215,466054,410224,"Pennsylvania"
"PA","ARP",2012,518472,236175,315691,"Pennsylvania"
"PA","ARP",2009,543550,571891,67606,"Pennsylvania"
"PA","ARP",2014,446563,262532,410090,"Pennsylvania"
"PA","ARP",2006,528356,894194,36102,"Pennsylvania"
"PA","ARP",2000,538388,935136,64935,"Pennsylvania"
"PA","ARP",1997,620421,481313,282297,"Pennsylvania"
"PA","ARP",2018,423907,66000,851307,"Pennsylvania"
"PA","ARP",1996,711241,470209,245329,"Pennsylvania"
"PA","ARP",2017,423907,66996,645859,"Pennsylvania"
"PA","ARP",2004,519711,997349,24028,"Pennsylvania"
"PA","ARP",2002,536422,889763,62997,"Pennsylvania"
"PA","ARP",2016,423907,95427,450315,"Pennsylvania"
"RI","ARP",2017,1577,19,7933,"Rhode Island"
"RI","ARP",2016,1577,17,6312,"Rhode Island"
"RI","ARP",2007,1663,13,1804,"Rhode Island"
"RI","ARP",2013,1577,18,1493,"Rhode Island"
"RI","ARP",2002,0,13,59,"Rhode Island"
"RI","ARP",2001,0,10,37,"Rhode Island"
"RI","ARP",2014,1577,17,3061,"Rhode Island"
"RI","ARP",2012,1577,19,19,"Rhode Island"
"RI","ARP",2006,1663,12,1814,"Rhode Island"
"RI","ARP",2015,1577,20,4663,"Rhode Island"
"RI","ARP",2018,1577,22,9688,"Rhode Island"
"RI","ARP",2003,0,11,1722,"Rhode Island"
"RI","ARP",2005,0,14,160,"Rhode Island"
"RI","ARP",2009,1713,18,9,"Rhode Island"
"RI","ARP",2010,1577,18,60,"Rhode Island"
"RI","ARP",2019,1577,17,11217,"Rhode Island"
"RI","ARP",2004,0,10,75,"Rhode Island"
"RI","ARP",2008,1663,16,1464,"Rhode Island"
"RI","ARP",2000,0,7,47,"Rhode Island"
"RI","ARP",2020,1577,20,12268,"Rhode Island"
"RI","ARP",2011,1577,20,26,"Rhode Island"
"SC","ARP",2020,90153,4963,744784,"South Carolina"
"SC","ARP",2015,93017,10249,315135,"South Carolina"
"SC","ARP",2010,111342,94616,119044,"South Carolina"
"SC","ARP",2006,123296,219973,25238,"South Carolina"
"SC","ARP",2007,123296,172728,25500,"South Carolina"
"SC","ARP",2005,117933,217386,32300,"South Carolina"
"SC","ARP",2000,128109,200303,75799,"South Carolina"
"SC","ARP",2017,89468,6070,466627,"South Carolina"
"SC","ARP",2019,90153,5727,651243,"South Carolina"
"SC","ARP",2009,126527,97941,150592,"South Carolina"
"SC","ARP",2011,111342,66166,102860,"South Carolina"
"SC","ARP",2016,90099,7979,383032,"South Carolina"
"SC","ARP",2012,111342,44957,151196,"South Carolina"
"SC","ARP",2001,122055,202500,41662,"South Carolina"
"SC","ARP",2008,123296,157532,80031,"South Carolina"
"SC","ARP",2013,105038,26759,197839,"South Carolina"
"SC","ARP",2002,117933,199121,99905,"South Carolina"
"SC","ARP",2004,117933,219372,77516,"South Carolina"
"SC","ARP",2014,96687,25993,249004,"South Carolina"
"SC","ARP",2018,90153,6765,558466,"South Carolina"
"SC","ARP",2003,117933,203957,99524,"South Carolina"
"SD","ARP",2000,15784,13533,2141,"South Dakota"
"SD","ARP",2009,16205,11651,33408,"South Dakota"
"SD","ARP",2010,15031,12589,35921,"South Dakota"
"SD","ARP",2008,15769,13538,29287,"South Dakota"
"SD","ARP",2018,15031,1005,96399,"South Dakota"
"SD","ARP",2005,15769,10647,17428,"South Dakota"
"SD","ARP",2007,15769,9048,27236,"South Dakota"
"SD","ARP",2014,15031,13846,43751,"South Dakota"
"SD","ARP",2001,15784,13620,4195,"South Dakota"
"SD","ARP",2020,15031,666,124662,"South Dakota"
"SD","ARP",2013,15031,15341,41863,"South Dakota"
"SD","ARP",2016,15031,829,68183,"South Dakota"
"SD","ARP",2011,15031,10663,39109,"South Dakota"
"SD","ARP",2002,15784,11757,7915,"South Dakota"
"SD","ARP",2017,15031,847,82370,"South Dakota"
"SD","ARP",2015,15031,4807,53978,"South Dakota"
"SD","ARP",2004,15769,14298,12486,"South Dakota"
"SD","ARP",2019,15031,1097,110294,"South Dakota"
"SD","ARP",2006,15769,11988,21012,"South Dakota"
"SD","ARP",2012,15031,12290,42170,"South Dakota"
"SD","ARP",2003,15784,12261,11257,"South Dakota"
"TN","ARP",2015,266765,59667,1282339,"Tennessee"
"TN","ARP",2008,273451,208395,164948,"Tennessee"
"TN","ARP",1998,447092,241515,501307,"Tennessee"
"TN","ARP",2002,266341,336994,195010,"Tennessee"
"TN","ARP",2003,273451,339540,130941,"Tennessee"
"TN","ARP",2000,266341,427936,357095,"Tennessee"
"TN","ARP",2014,266765,58408,1040635,"Tennessee"
"TN","ARP",2011,273875,120400,616159,"Tennessee"
"TN","ARP",2001,266341,360096,284014,"Tennessee"
"TN","ARP",2018,266765,11694,1451656,"Tennessee"
"TN","ARP",2006,273451,259608,63759,"Tennessee"
"TN","ARP",2007,266341,237227,99933,"Tennessee"
"TN","ARP",2016,266765,31256,1357862,"Tennessee"
"TN","ARP",1999,447092,234221,592033,"Tennessee"
"TN","ARP",2017,266765,24288,1461032,"Tennessee"
"TN","ARP",2004,273451,303311,109000,"Tennessee"
"TN","ARP",1997,447092,275333,367747,"Tennessee"
"TN","ARP",1995,596497,287446,193276,"Tennessee"
"TN","ARP",1996,600052,286141,421620,"Tennessee"
"TN","ARP",2010,273875,119195,492477,"Tennessee"
"TN","ARP",2009,281118,108269,330130,"Tennessee"
"TN","ARP",2012,273875,66668,673780,"Tennessee"
"TN","ARP",2013,273875,56542,888442,"Tennessee"
"TN","ARP",2005,266341,266082,99978,"Tennessee"
"TN","ARP",2020,266765,9347,1549509,"Tennessee"
"TN","ARP",2019,266765,11205,1516194,"Tennessee"
"TX","ARP",2000,636595,557518,101993,"Texas"
"TX","ARP",2018,532318,211181,2026473,"Texas"
"TX","ARP",2016,612262,245959,1564169,"Texas"
"TX","ARP",2001,636595,541456,179510,"Texas"
"TX","ARP",2013,615498,365496,1124205,"Texas"
"TX","ARP",2008,633572,484270,494906,"Texas"
"TX","ARP",2003,635712,577701,218292,"Texas"
"TX","ARP",2002,636569,562527,192487,"Texas"
"TX","ARP",2007,633763,498484,405013,"Texas"
"TX","ARP",2005,634572,535056,295876,"Texas"
"TX","ARP",2010,616591,461678,817099,"Texas"
"TX","ARP",2009,657013,453542,585951,"Texas"
"TX","ARP",2019,467628,149267,2247416,"Texas"
"TX","ARP",2012,615498,339135,1050586,"Texas"
"TX","ARP",2014,614617,343494,1066210,"Texas"
"TX","ARP",2020,453473,130309,2424743,"Texas"
"TX","ARP",2004,635469,524468,275794,"Texas"
"TX","ARP",2011,616591,426468,932265,"Texas"
"TX","ARP",2015,613198,260276,1201925,"Texas"
"TX","ARP",2017,611182,276105,1892263,"Texas"
"TX","ARP",2006,634710,520133,336733,"Texas"
"UT","ARP",2012,65394,20060,47869,"Utah"
"UT","ARP",2018,60974,8734,296313,"Utah"
"UT","ARP",2003,69292,34643,11543,"Utah"
"UT","ARP",2016,65394,9669,204035,"Utah"
"UT","ARP",2013,65394,21144,56772,"Utah"
"UT","ARP",2019,60974,9152,345465,"Utah"
"UT","ARP",2017,60974,9608,246535,"Utah"
"UT","ARP",2020,60974,7575,396178,"Utah"
"UT","ARP",2009,71280,20474,19136,"Utah"
"UT","ARP",2010,65394,21595,28223,"Utah"
"UT","ARP",1995,766,2,6,"Utah"
"UT","ARP",2006,70658,36621,19364,"Utah"
"UT","ARP",2008,69292,21189,18042,"Utah"
"UT","ARP",2001,69292,28322,7377,"Utah"
"UT","ARP",2002,69292,32134,11149,"Utah"
"UT","ARP",2005,69292,33874,13639,"Utah"
"UT","ARP",2000,69292,27201,4431,"Utah"
"UT","ARP",2007,69292,23565,17135,"Utah"
"UT","ARP",2014,65394,21433,103196,"Utah"
"UT","ARP",2004,69292,33144,14379,"Utah"
"UT","ARP",2011,65394,21052,37287,"Utah"
"UT","ARP",2015,65394,14639,150798,"Utah"
"VA","ARP",2018,92316,6915,326827,"Virginia"
"VA","ARP",2013,123090,46442,130566,"Virginia"
"VA","ARP",2011,135139,73466,95446,"Virginia"
"VA","ARP",2016,92316,11894,206830,"Virginia"
"VA","ARP",2020,85378,1509,435018,"Virginia"
"VA","ARP",2010,135139,96608,55402,"Virginia"
"VA","ARP",2007,130366,172686,3868,"Virginia"
"VA","ARP",2012,135139,37772,120853,"Virginia"
"VA","ARP",2014,123090,40876,162254,"Virginia"
"VA","ARP",2006,130366,171946,16559,"Virginia"
"VA","ARP",2009,145678,97857,23097,"Virginia"
"VA","ARP",2005,130366,207745,27068,"Virginia"
"VA","ARP",2000,130366,214234,70599,"Virginia"
"VA","ARP",2003,130366,215745,22244,"Virginia"
"VA","ARP",2008,139185,127264,14183,"Virginia"
"VA","ARP",2002,130366,230849,18226,"Virginia"
"VA","ARP",2019,85378,1714,381217,"Virginia"
"VA","ARP",2017,92316,3831,253451,"Virginia"
"VA","ARP",2001,130366,217435,54881,"Virginia"
"VA","ARP",2004,130366,196504,21635,"Virginia"
"VA","ARP",2015,99169,12826,188736,"Virginia"
"VT","ARP",2009,104,2,144,"Vermont"
"VT","ARP",2007,104,6,45,"Vermont"
"VT","ARP",2005,104,10,63,"Vermont"
"VT","ARP",2014,38,2,325,"Vermont"
"VT","ARP",2012,38,1,253,"Vermont"
"VT","ARP",2006,104,12,51,"Vermont"
"VT","ARP",2016,38,1,398,"Vermont"
"VT","ARP",2008,104,2,43,"Vermont"
"VT","ARP",2013,38,2,289,"Vermont"
"VT","ARP",2000,104,9,95,"Vermont"
"VT","ARP",2018,38,1,472,"Vermont"
"VT","ARP",2015,38,2,361,"Vermont"
"VT","ARP",2010,38,2,180,"Vermont"
"VT","ARP",2017,38,1,435,"Vermont"
"VT","ARP",2019,38,1,509,"Vermont"
"VT","ARP",2004,104,8,489,"Vermont"
"VT","ARP",2001,104,5,194,"Vermont"
"VT","ARP",2011,38,2,216,"Vermont"
"VT","ARP",2003,104,4,393,"Vermont"
"VT","ARP",2002,104,5,293,"Vermont"
"VT","ARP",2020,38,1,546,"Vermont"
"WA","ARP",2012,39481,1245,61101,"Washington"
"WA","ARP",2006,39413,1691,6189,"Washington"
"WA","ARP",2011,39481,1154,39266,"Washington"
"WA","ARP",2008,39413,2357,618,"Washington"
"WA","ARP",2001,39413,66913,6334,"Washington"
"WA","ARP",2002,39413,19037,6725,"Washington"
"WA","ARP",2007,39413,2159,301,"Washington"
"WA","ARP",2017,39481,1741,229541,"Washington"
"WA","ARP",2004,39413,6898,265,"Washington"
"WA","ARP",2019,39481,2325,304782,"Washington"
"WA","ARP",2014,39481,3072,121139,"Washington"
"WA","ARP",2009,40568,3593,925,"Washington"
"WA","ARP",2016,39481,1472,191800,"Washington"
"WA","ARP",2003,39413,8296,2163,"Washington"
"WA","ARP",2018,39481,1558,267491,"Washington"
"WA","ARP",2000,39413,83604,10610,"Washington"
"WA","ARP",2013,39481,2864,91222,"Washington"
"WA","ARP",2020,39481,1605,342656,"Washington"
"WA","ARP",2005,39413,3384,814,"Washington"
"WA","ARP",2015,39481,2425,153692,"Washington"
"WA","ARP",2010,39481,2663,12443,"Washington"
"WI","ARP",2017,148932,11532,392578,"Wisconsin"
"WI","ARP",1996,170232,87183,78858,"Wisconsin"
"WI","ARP",2015,154218,25289,351101,"Wisconsin"
"WI","ARP",2008,165668,129673,178647,"Wisconsin"
"WI","ARP",2001,168732,189374,157818,"Wisconsin"
"WI","ARP",2010,160823,109416,196454,"Wisconsin"
"WI","ARP",2004,163367,185005,124323,"Wisconsin"
"WI","ARP",2005,158279,176181,124156,"Wisconsin"
"WI","ARP",2018,148932,10051,407808,"Wisconsin"
"WI","ARP",2003,165280,192782,140358,"Wisconsin"
"WI","ARP",2000,168983,196832,159816,"Wisconsin"
"WI","ARP",2007,165668,133630,179573,"Wisconsin"
"WI","ARP",2020,117535,4500,373314,"Wisconsin"
"WI","ARP",2009,170313,103794,213902,"Wisconsin"
"WI","ARP",2019,120401,4867,365379,"Wisconsin"
"WI","ARP",2013,155169,62431,306754,"Wisconsin"
"WI","ARP",1997,161718,92647,92871,"Wisconsin"
"WI","ARP",2016,148932,12820,371954,"Wisconsin"
"WI","ARP",2002,169009,191226,146045,"Wisconsin"
"WI","ARP",2014,154684,39940,314473,"Wisconsin"
"WI","ARP",2012,156586,61221,284015,"Wisconsin"
"WI","ARP",2006,162287,161068,140321,"Wisconsin"
"WI","ARP",1998,163228,97505,125239,"Wisconsin"
"WI","ARP",2011,154821,91287,235526,"Wisconsin"
"WI","ARP",1999,163228,85988,177224,"Wisconsin"
"WI","ARP",1995,172499,109977,44122,"Wisconsin"
"WV","ARP",2014,403288,91273,1085591,"West Virginia"
"WV","ARP",2001,425286,498056,42548,"West Virginia"
"WV","ARP",2006,425286,454158,87133,"West Virginia"
"WV","ARP",2019,351516,36643,1640395,"West Virginia"
"WV","ARP",2003,425286,539858,45778,"West Virginia"
"WV","ARP",2004,425286,473759,79295,"West Virginia"
"WV","ARP",2017,359042,38060,1323559,"West Virginia"
"WV","ARP",2005,425286,467082,60881,"West Virginia"
"WV","ARP",2012,419702,80263,632737,"West Virginia"
"WV","ARP",2011,419702,90107,400719,"West Virginia"
"WV","ARP",1996,669720,393115,181421,"West Virginia"
"WV","ARP",2007,425286,371996,50641,"West Virginia"
"WV","ARP",2010,419702,106089,263906,"West Virginia"
"WV","ARP",2020,351516,31784,1781698,"West Virginia"
"WV","ARP",1997,571580,397690,246943,"West Virginia"
"WV","ARP",2013,403288,83191,822926,"West Virginia"
"WV","ARP",2016,359042,43698,1194388,"West Virginia"
"WV","ARP",2008,425286,301573,120311,"West Virginia"
"WV","ARP",1995,671575,436885,148439,"West Virginia"
"WV","ARP",2009,437341,174584,178451,"West Virginia"
"WV","ARP",1999,571580,389879,231269,"West Virginia"
"WV","ARP",2000,425286,593316,43562,"West Virginia"
"WV","ARP",2002,425286,507111,74902,"West Virginia"
"WV","ARP",1998,579345,387369,276663,"West Virginia"
"WV","ARP",2018,351516,43555,1678511,"West Virginia"
"WV","ARP",2015,403288,56263,1142737,"West Virginia"
"WY","ARP",2002,138668,79593,4407,"Wyoming"
"WY","ARP",1995,48933,30754,2976,"Wyoming"
"WY","ARP",2017,124058,32544,296486,"Wyoming"
"WY","ARP",2016,121139,31950,222729,"Wyoming"
"WY","ARP",2004,138668,84191,7709,"Wyoming"
"WY","ARP",2010,130868,64830,15703,"Wyoming"
"WY","ARP",2006,89484,82403,7668,"Wyoming"
"WY","ARP",2020,130868,26935,529733,"Wyoming"
"WY","ARP",2018,130868,31025,376298,"Wyoming"
"WY","ARP",2012,130868,39369,21498,"Wyoming"
"WY","ARP",2014,130868,36922,93413,"Wyoming"
"WY","ARP",2011,130868,54928,17314,"Wyoming"
"WY","ARP",2019,123663,28833,450771,"Wyoming"
"WY","ARP",2013,130868,40673,22506,"Wyoming"
"WY","ARP",2015,102851,36378,148953,"Wyoming"
"WY","ARP",2005,138668,86497,8601,"Wyoming"
"WY","ARP",2000,138668,80300,2571,"Wyoming"
"WY","ARP",2009,139900,73507,14643,"Wyoming"
"WY","ARP",2001,138668,84471,4772,"Wyoming"
"WY","ARP",2007,138668,81671,10074,"Wyoming"
"WY","ARP",2008,138668,81896,12207,"Wyoming"
"WY","ARP",1996,79829,29629,11327,"Wyoming"
"WY","ARP",2003,138668,81202,7884,"Wyoming"
